w_word	x_word
1111222233334444	1112221333244434
1111222233334444	1122113322443344
1111222233334444	1211132224333444
1111222233334444	1122113324243344
1111222233334444	1122131322443344
1111222233334444	1212113322443344
1111222233334444	1122113322443434
1111222233334444	1112221333444234
1111222233334444	1122113324432344
1111222233334444	1112223331244434
1111222233334444	1122133212443344
1111222233334444	1122112333244434
1111222233334444	1211123322443344
1111222233334444	1123211432243344
1111222233334444	1231114222333444
1111222233334444	1122113432243344
1111222233334444	1211134222333444
1111222233334444	1123211322443344
1111222233334444	1231112224333444
1111222233334444	1112223331444234
1111222233334444	1122133214432344
1111222233334444	1122113322344434
1111222233334444	1211132223443344
1111222233334444	1122113432432344
1111222233334444	1123213212443344
1111222233334444	1122123331444234
1111222233334444	1231114222343344
1111222233334444	1122113434232344
1111222233334444	1123231212443344
1111222233334444	1212123331444234
1111222233334444	1231114222343434
1111222233334444	1112223313444234
1111222233334444	1122123331244434
1111222233334444	1231112432243344
1111222233334444	1123211432432344
1111222233334444	1112223334144234
1111222233334444	1122131322344434
1111222233334444	1212113432243344
1111222233334444	1123211322443434
1111222233334444	1112223334441234
1111222233334444	1122133212344434
1111222233334444	1211123432243344
1111222233334444	1234111222333444
1111222233334444	1112223431344234
1111222233334444	1122134312432344
1111222233334444	1123212331244434
1111222233334444	1231123212443344
1111222233334444	1123212433144234
1111222233334444	1231124321432344
1111222233334444	1123211432344234
1111222233334444	1231114223432344
1111222233334444	1122134321243344
1111222233334444	1231112322443344
1111222233334444	1123214321432344
1111222233334444	1122113323444234
1111222233334444	1112223433144234
1111222233334444	1122134321432344
1111222233334444	1123211322344434
1111222233334444	1231112223443344
1111222233334444	1112223433441234
1111222233334444	1123213212344434
1111222233334444	1122123433144234
1111222233334444	1234111222343344
1111222233334444	1112223434341234
1111222233334444	1123231212344434
1111222233334444	1212123433144234
1111222233334444	1234111222343434
1111222233334444	1231112422333444
1111222233334444	1123213214432344
1111222233334444	1122133213444234
1111222233334444	1211134222343344
1111222233334444	1123213412432344
1111222233334444	1123123213444234
1111222233334444	1231124321344234
1111222233334444	1231112432342344
1111222233334444	1123213421243344
1111222233334444	1231124212333444
1111222233334444	1123212331444234
1111222233334444	1231123214432344
1111222233334444	1123214321344234
1111222233334444	1231142213432344
1111222233334444	1122113432344234
1111222233334444	1211134223432344
1111222233334444	1123213421432344
1111222233334444	1123213213444234
1111222233334444	1122134321344234
1111222233334444	1231112422343344
1111222233334444	1123213441232344
1111222233334444	1123212313444234
1111222233334444	1123124321344234
1111222233334444	1231112432344234
1111222233334444	1231141222333444
1111222233334444	1212113324432344
1111222233334444	1122133212443434
1111222233334444	1211123324243344
1111222233334444	1123214312432344
1111222233334444	1122123313444234
1111222233334444	1231124321243344
1111222233334444	1231112432432344
1111222233334444	1123214321243344
1111222233334444	1231142212333444
1111222233334444	1122112333444234
1111222233334444	1211123324432344
1111222233334444	1123234112432344
1111222233334444	1231123213444234
1111222233334444	1231124321342344
1111222233334444	1231112423432344
1111222233334444	1123234411232344
1111222233334444	1231112323444234
1111222233334444	1234112212333444
1111222233334444	1122123334441234
1111222233334444	1231142212343344
1111222233334444	1211123432432344
1111222233334444	1234121212333444
1111222233334444	1212123334441234
1111222233334444	1231142212343434
1111222233334444	1211123434232344
1111222233334444	1212113324243344
1111222233334444	1122131322443434
1111222233334444	1212113432432344
1111222233334444	1123213212443434
1111222233334444	1122123334144234
1111222233334444	1231141222343344
1111222233334444	1212113434232344
1111222233334444	1123231212443434
1111222233334444	1212123334144234
1111222233334444	1231141222343434
1111222233334444	1122123431344234
1111222233334444	1234112321243344
1111222233334444	1123212433441234
1111222233334444	1123214312344234
1111222233334444	1122123433441234
1111222233334444	1234112212343344
1111222233334444	1122123434341234
1111222233334444	1234121212343344
1111222233334444	1212123433441234
1111222233334444	1234112212343434
1111222233334444	1122134323441234
1111222233334444	1231124212343344
1111222233334444	1231123421432344
1111222233334444	1234112213432344
1111222233334444	1122134312344234
1111222233334444	1231123421243344
1111222233334444	1234112321432344
1111222233334444	1123214323441234
1111222233334444	1123123421344234
1111222233334444	1234112321344234
1111222233334444	1123213442341234
1111222233334444	1123213412344234
1111222233334444	1123123423441234
1111222233334444	1234123112344234
1111222233334444	1231123442341234
1111222233334444	1234112312342344
1111222233334444	1123123442341234
1111222233334444	1234112312344234
1111222233334444	1123124323441234
1111222233334444	1231124312344234
1111222233334444	1231123441232344
1111222233334444	1234112312432344
1111222233334444	1231123412432344
1111222233334444	1234123112432344
1111222233334444	1231124323441234
1111222233334444	1231124312342344
1111222233334444	1123212431344234
1111222233334444	1231124312432344
1111222233334444	1123213421344234
1111222233334444	1231124213432344
1111222233334444	1123213423441234
1111222233334444	1123234112344234
1111222233334444	1231123421344234
1111222233334444	1234112321342344
1111222233334444	1123234412341234
1111222233334444	1231123412344234
1111222233334444	1234123411232344
1111222233334444	1234112323441234
1111222233334444	1234123112342344
1111222233334444	1231123423441234
1111222233334444	1212123434341234
1111222233334444	1234121212343434
1111222233334444	1234123412341234
1111222233343444	1122113322443344
1111222233343444	1112221333424434
1111222233343444	1122131322443344
1111222233343444	1212113322443344
1111222233343444	1211132224334344
1111222233343444	1122133214434234
1111222233343444	1112223313424434
1111222233343444	1112223314324434
1111222233343444	1122133214324434
1111222233343444	1122113324324434
1111222233343444	1231142213324434
1111222233343444	1122113324434234
1111222233343444	1112223413324434
1111222233343444	1122113323424434
1111222233343444	1234112213324434
1111222233343444	1123124213324434
1111222233343444	1122123413324434
1111222233343444	1123123214324434
1111222233344344	1234112312423434
1111222233344434	1122113322443344
1111222233344434	1211132224333444
1111222233344434	1234123412312344
1111222233433444	1231123424134234
1111222233443344	1231112423323444
1111222233443344	1231112432234434
1111222233443344	1231124323123444
1111222233443344	1234112323123444
1111222233443344	1123213442123434
1111222233443344	1231123442123434
1111222233443344	1231124323124434
1111222233443344	1234112323124434
1111222233443344	1231124324123434
1111222233443344	1123234412123434
1111222233443344	1123213414223434
1111222233443344	1123213424123434
1111222233443344	1231123414223434
1111222233443344	1234123412123434
1111222233443434	1231112432234344
1111222234333444	1112221333244434
1111222234333444	1122113322443344
1111222234333444	1234123411234234
1111222234334434	1122113322443344
1111222234334434	1122113432432344
1111222234334434	1231114222343344
1111222234334434	1231112432243344
1111222234334434	1211134222343344
1111222234334434	1231112432342344
1111222234334434	1123213441232344
1111222234334434	1231124321342344
1111222234334434	1123234411232344
1111222234334434	1231123441232344
1111222234334434	1234112321342344
1111222234334434	1234123411232344
1111222234343344	1231112432323444
1111222234343434	1122113322443344
1111222323433444	1112223133244434
1111222323433444	1211132243234344
1111222323433444	1211132243243344
1111222323433444	1122134132243344
1111222323433444	1234121132243344
1111222323433444	1231142233144234
1111222324333444	1234123121234434
1111222324333444	1234123121234344
1111222332343444	1211132224334344
1111222332343444	1112223134324434
1111222332343444	1112223314324434
1111222332343444	1122113324324434
1111222332343444	1231142213324434
1111222332343444	1122113324434234
1111222332343444	1123124213324434
1111222332343444	1122134123324434
1111222332343444	1123123214324434
1111222332344434	1211132224333444
1111222332433444	1211132224334344
1111222332433444	1234112123234344
1111222332433444	1234123124134234
1111222332443344	1234123123123444
1111222332443344	1234123124123434
1111222332443434	1234112123234344
1111222333243444	1234112123434234
1111222333243444	1234121123434234
1111222333423444	1122113324243344
1111222333423444	1112223133244434
1111222333423444	1211132243243344
1111222333423444	1122134132243344
1111222333423444	1211132234243344
1111222333423444	1212113324243344
1111222333423444	1234121132243344
1111222333423444	1231142233144234
1111222333424434	1211132224333444
1111222333442434	1234112123234344
1111222333444234	1211132224333444
1111222333444234	1234123123123444
1111222334432344	1234123121234434
1111222334432434	1234123121234344
1111222342333444	1122113324243344
1111222342333444	1211132224334344
1111222342333444	1122113324234434
1111222342333444	1112223314324434
1111222342333444	1122113324324434
1111222342333444	1112223334124434
1111222342333444	1231142213324434
1111222342333444	1122113324434234
1111222342333444	1212113324243344
1111222342333444	1123124213324434
1111222342333444	1123123214324434
1111222343234434	1122113322443344
1111222343234434	1211132224333444
1111222343323444	1122113322443344
1111222343323444	1234112212343344
1111222343323444	1234123112344234
1111222343324344	1234112212343434
1111222343324434	1122113322443344
1111222343324434	1211132224333444
1111222343324434	1234112212343344
1111222343324434	1234123112342344
1111222343344234	1211132224333444
1111222343434234	1211132224333444
1111223223344344	1123211344223434
1111223223344344	1231121243323444
1111223223344344	1231141232323444
1111223223344344	1123211342423434
1111223223344344	1234111232323444
1111223223344434	1123211342432344
1111223223344434	1231121243323444
1111223223344434	1123231244312344
1111223223344434	1234111232323444
1111223223434434	1123211344232344
1111223223443344	1123211344223434
1111223223443344	1231121243323444
1111223223443344	1234111232234434
1111223223443344	1234121233123444
1111223223443434	1234111232234344
1111223224334434	1234121231342344
1111223243323444	1234121212343344
1111223243324344	1234121212343434
1111223322344344	1123211344223434
1111223322344344	1231121243323444
1111223322344344	1234111234223434
1111223322344344	1234121123323444
1111223322344434	1123231124432344
1111223322344434	1231121243323444
1111223322344434	1231121234432344
1111223322344434	1123231244312344
1111223322344434	1234121123323444
1111223322344434	1234121234312344
1111223323244434	1123211342432344
1111223323244434	1231121243323444
1111223323244434	1123231244312344
1111223323244434	1234111232323444
1111223323442344	1234111232234434
1111223323442434	1234111232234344
1111223323444234	1231121243323444
1111223323444234	1234121233123444
1111223324324434	1234121231342344
1111223324432344	1234121231234434
1111223324432434	1234121231234344
1111223344223344	1213241312233444
1111223344223344	1213121223344434
1111223344223344	1212121334432434
1111223344223344	1212133442132434
1111223344223344	1213241321233444
1111223344223344	1213122312344434
1111223344223344	1112233442132434
1111223344223344	1213243112233444
1111223344223344	1213211223344434
1111223344223344	1211122334432434
1111223344223344	1231121223344434
1111223344223344	1231122312344434
1111223344223344	1234111223432434
1111223344223344	1234121312233444
1111223344223344	1213243112342434
1111223344223344	1234121321233444
1111223344223344	1123243112342434
1111223344223344	1213121223443434
1111223344223344	1213122313442434
1111223344223344	1231121423342434
1111223344223344	1213231213442434
1111223344223344	1231121423243434
1111223344223344	1231121323442434
1111223344223344	1212132313442434
1111223344223344	1231121434232434
1111223344223344	1212131323442434
1111223344223344	1231121324243434
1111223344223344	1213121323442434
1111223344223344	1231121324342434
1111223344223344	1234121213432434
1111223344223344	1213122413432434
1111223344223344	1213241213432434
1111223344223344	1213141223432434
1111223344223344	1123122413432434
1111223344223344	1123241213432434
1111223344223344	1212132413432434
1111223344223344	1212131423432434
1111223344223344	1123122413342434
1111223344223344	1213122431342434
1111223344223344	1123122431342434
1111223344223344	1123122434132434
1111223344223344	1212132431342434
1111223344223344	1123142324132434
1111223344223344	1212133441232434
1111223344223344	1123231424132434
1111223344223344	1212133421342434
1111223344223344	1213241321342434
1111223344223344	1123231414232434
1111223344223344	1213142321342434
1111223344223344	1123241213342434
1111223344223344	1213122431243434
1111223344223344	1123241323142434
1111223344223344	1123241324132434
1111223344223344	1212133421243434
1111223344223344	1123241312342434
1111223344223344	1123241312243434
1111223344223344	1213241321243434
1111223344223344	1123241314232434
1111223344223344	1213142321243434
1111223344223344	1123243412132434
1111223344223344	1213243411232434
1111223344223344	1123243411232434
1111223344223344	1212121334342434
1111223344223344	1212133424132434
1111223344223344	1213241312243434
1111223344223344	1213121224343434
1111223344223344	1234121312243434
1111223344223344	1213241312342434
1111223344223344	1234121213243434
1111223344223344	1213241212343434
1111223344223344	1234121212343434
1111223344223344	1212132314342434
1111223344223344	1213231424132434
1111223344223344	1213142312243434
1111223344223344	1213231214342434
1111223344223344	1213121434232434
1111223344223344	1212133423142434
1111223344223344	1213241314232434
1111223344223344	1213121423243434
1111223344223344	1212132334142434
1111223344223344	1213231414232434
1111223344223344	1213141223243434
1111223344223344	1213122314342434
1111223344223344	1212131434232434
1111223344223344	1213142323142434
1111223344223344	1213231214243434
1111223344223344	1213121423342434
1111223344223344	1212132413342434
1111223344223344	1213241324132434
1111223344223344	1213122413243434
1111223344223344	1212131324342434
1111223344223344	1213122434132434
1111223344223344	1212133412243434
1111223344223344	1213241213342434
1111223344223344	1213121324243434
1111223344223344	1212132434132434
1111223344223344	1213243412132434
1111223344223344	1213241213243434
1111223344223344	1213121324342434
1111223344223344	1213122412343434
1111223344223344	1234121213342434
1111223344223344	1212131324243434
1111223344223344	1213122413342434
1111223344223344	1212131423342434
1111223344223344	1213142324132434
1111223344223344	1213231412243434
1111223344223344	1213141223342434
1111223344223344	1213122334142434
1111223344223344	1212133414232434
1111223344223344	1213241323142434
1111223344223344	1213122314243434
1111223344223344	1212133412342434
1111223344223344	1234121324132434
1111223344223344	1234121314232434
1111223344223344	1213142312342434
1111223344223344	1234121323142434
1111223344223344	1213231412342434
1111223344223344	1234121312342434
1111223344223344	1213231423142434
1111223344223344	1213142314232434
1111223344223434	1234121212343344
1111223344232344	1213211223434434
1111223344232344	1213243112324434
1111223344232344	1123243112324434
1111223344232344	1231121223434434
1111223344232344	1234121212334434
1111223344232344	1231121323424434
1111223344232344	1213241212334434
1111223344232344	1231122312434434
1111223344232344	1213231412324434
1111223344232344	1213122312434434
1111223344232344	1213121323424434
1111223344232344	1213121223434434
1111223344232434	1123241312423344
1111223344232434	1123243411223344
1111223344232434	1213243112324344
1111223344232434	1212131324423344
1111223344232434	1212133412423344
1111223344232434	1212133441223344
1111223344232434	1213122431324344
1111223344232434	1231121434223344
1111223344232434	1213241312423344
1111223344232434	1213243411223344
1111223344232434	1213241321324344
1111223344232434	1213241312324344
1111223344232434	1234121312423344
1111223344232434	1234121213423344
1111223344232434	1234121212334344
1111223344232434	1234121312324344
1111223422334434	1123231124432344
1111223422343344	1234121123323444
1111223432234434	1123231124432344
1111223432234434	1213231124432344
1111223432234434	1213243112432344
1111223432234434	1123243112432344
1111223432234434	1213122143432344
1111223432234434	1213241123432344
1111223432234434	1234121123432344
1111223432342434	1123241134223344
1111223432342434	1213241134223344
1111223432344234	1213241123323444
1111223432344234	1234121123323444
1111223432423344	1213122123344434
1111223432423344	1213243112233444
1111223432423344	1231122123344434
1111223432423344	1213243124132434
1111223432423344	1123243124132434
1111223432423344	1213243123142434
1111223432423344	1123243123142434
1111223432423344	1213241134232434
1111223432423344	1123241134232434
1111223432423344	1213231124243434
1111223432423344	1213241123342434
1111223432423344	1123241123342434
1111223432423344	1213231124342434
1111223432423344	1234121123342434
1111223432423344	1213241123243434
1111223432423344	1234121123243434
1111223432423434	1234121123243344
1111223432432344	1213122123344434
1111223432432344	1213243112234434
1111223432432344	1231122123344434
1111223432432344	1123243112234434
1111223432432344	1234121123234434
1111223432432344	1213241123234434
1111223432432434	1213243112234344
1111223432432434	1123241134223344
1111223432432434	1123243142123344
1111223432432434	1213241134223344
1111223432432434	1234121123243344
1111223432432434	1213243123124344
1111223432432434	1234121123234344
1111223432434234	1213243112233444
1111223434223344	1213122132344434
1111223434223344	1213243121233444
1111223434223344	1231122132344434
1111223434223344	1123243141232434
1111223434223344	1213243121243434
1111223434223344	1123243121243434
1111223434223344	1213243121342434
1111223434223344	1123243121342434
1111223434223344	1123122143432434
1111223434223344	1213241122343434
1111223434223344	1234121122343434
1111223434223434	1234121122343344
1111223434232344	1234121122334434
1111223434232344	1213241122334434
1111223434232344	1213122132434434
1111223434232434	1123243141223344
1111223434232434	1213243121324344
1111232223433444	1112221333244434
1111232223433444	1122112333244434
1111232223433444	1112221343344234
1111232223433444	1123211432234434
1111232223433444	1123211243324434
1111232223433444	1231112432243344
1111232223433444	1122113432234434
1111232223433444	1231112432234344
1111232223433444	1231112432234434
1111232223433444	1123211344234234
1111232223433444	1234111232234344
1111232223433444	1234111232234434
1111232223433444	1123213442134234
1111232223433444	1231112344234234
1111232223433444	1123212344134234
1111232223433444	1234112342134234
1111232223434434	1213211432233444
1111232223434434	1122113344232344
1111232223434434	1231112432243344
1111232223434434	1213112432243344
1111232223434434	1213112243233444
1111232223434434	1231114232233444
1111232223434434	1213112432233444
1111232223434434	1213211243233444
1111232223434434	1231112432233444
1111232223434434	1231112243233444
1111232223434434	1213212433142344
1111232223434434	1123213442132344
1111232223434434	1123211344232344
1111232223434434	1213211344232344
1111232223434434	1123213244132344
1111232223434434	1234111232233444
1111232223434434	1231112344232344
1111232223434434	1213213244132344
1111232223434434	1213214342132344
1111232223434434	1213212344132344
1111232223434434	1234112342132344
1111232223443434	1122113344223344
1111232223443434	1213211432234344
1111232223443434	1231112432243344
1111232223443434	1213112432243344
1111232223443434	1213212143324344
1111232223443434	1213211243324344
1111232223443434	1231114232234344
1111232223443434	1231112243324344
1111232223443434	1123213144223344
1111232223443434	1123211344223344
1111232223443434	1213211344223344
1111232223443434	1231112344223344
1111232223443434	1212113344223344
1111232223443434	1213112344223344
1111232223443434	1231112432234344
1111232223443434	1123213244123344
1111232223443434	1234111232234344
1111232223443434	1123213442123344
1111232223443434	1213212433124344
1111232223443434	1213214342123344
1111232223443434	1213214233124344
1111232223443434	1213112243234344
1111232223443434	1234112233124344
1111232223443434	1234112342123344
1111232232344344	1231112423323444
1111232232433444	1231112432234344
1111232232433444	1231112432234434
1111232232433444	1123213442134234
1111232232433444	1123213424134234
1111232232434434	1231112432233444
1111232232434434	1123213442132344
1111232232434434	1123213414232344
1111232232434434	1123213424132344
1111232232434434	1231112324432344
1111232232434434	1231112423342344
1111232232434434	1231112434232344
1111232232434434	1234112312233444
1111232232434434	1234112314232344
1111232232434434	1234112323142344
1111232232434434	1234112324132344
1111232233244344	1234112312423434
1111232233442344	1231112432234434
1111232233442434	1231112432234344
1111232233442434	1123213442123344
1111232233442434	1231112434223344
1111232233442434	1234112312234344
1111232233442434	1234112323124344
1111232233442434	1234112324123344
1111232233444234	1231112432233444
1111232233444234	1231112423323444
1111232233444234	1234112312233444
1111232233444234	1234112323123444
1111232234234434	1122113322443344
1111232234234434	1122113432432344
1111232234243344	1231112432323444
1111232234243344	1231112422334434
1111232234243344	1234112321323444
1111232234243344	1123213442312434
1111232234243344	1213112422334434
1111232234243344	1123213441223434
1111232234243434	1231112432324344
1111232234243434	1123213441223344
1111232234323444	1112221333244434
1111232234323444	1122113322443344
1111232234324434	1122113322443344
1111232234342434	1231112432324344
1111232234342434	1123213441223344
1111232234344234	1213112432323444
1111232234344234	1213212431323444
1111232234344234	1213214321323444
1111232234344234	1231112432323444
1111232234344234	1234112321323444
1111232234423344	1231112432233444
1111232234423344	1213112322344434
1111232234423344	1123213442132434
1111232234423344	1231112322344434
1111232234423344	1231112432342434
1111232234423344	1231112422343434
1111232234423344	1234112321233444
1111232234423344	1213112432342434
1111232234423344	1123212431342434
1111232234423344	1123213441232434
1111232234423344	1234112321243434
1111232234423344	1213112422343434
1111232234423344	1234112321342434
1111232234423434	1122113322443344
1111232234423434	1231114222343344
1111232234423434	1231112432243344
1111232234423434	1213112432243344
1111232234423434	1213112422343344
1111232234432344	1213112322344434
1111232234432344	1231112322344434
1111232234432344	1231112432234434
1111232234432344	1213112432234434
1111232234432344	1231112422334434
1111232234432344	1234112321234434
1111232234432344	1213112422334434
1111232234434234	1213211432233444
1111232234434234	1213112432233444
1111232234434234	1231112432233444
1111232234434234	1213212431233444
1111232234434234	1213214321233444
1111232234434234	1234112321233444
1111232242333444	1112221333244434
1111232242334344	1213211223344434
1111232242334344	1234112312233444
1111232242334344	1234112312243434
1111232242334344	1234112314232434
1111232242334434	1234112312233444
1111232242343434	1213211434223344
1111232243234434	1122113322443344
1111232243243344	1234112312423434
1111232243323444	1112221333244434
1111232243323444	1122113322443344
1111232243323444	1234112212343344
1111232243323444	1234112312344234
1111232322344344	1234112123323444
1111232322433444	1234112123234344
1111232322443434	1234112123234344
1111232323424434	1213112243233444
1111232323442434	1234112233124344
1111232323444234	1213112243233444
1111232323444234	1213112243323444
1111232323444234	1231114232233444
1111232323444234	1231112243323444
1111232323444234	1213212143323444
1111232323444234	1231112243233444
1111232323444234	1213214233123444
1111232323444234	1234112233123444
1111232324234434	1123213142432344
1111232324234434	1234112132432344
1111232324243344	1234112132323444
1111232324243344	1234112231323444
1111232324243344	1123212143432434
1111232324243344	1234112132423434
1111232324243434	1234112122334344
1111232324243434	1234112132324344
1111232324243434	1234112132423344
1111232324243434	1234112231324344
1111232324243434	1234112231423344
1111232324342434	1234112122334344
1111232324342434	1234112132324344
1111232324342434	1234112132423344
1111232324342434	1234112231324344
1111232324342434	1234112231423344
1111232324344234	1234112132323444
1111232324344234	1234112231323444
1111232342234434	1122113322443344
1111232342234434	1123213212443344
1111232342234434	1123213214432344
1111232342234434	1213213214432344
1111232342234434	1213214312432344
1111232342432344	1234112213234434
1111232344223434	1122113322443344
1111232344223434	1123213212443344
1111232344223434	1231114222343344
1111232344223434	1234112212343344
1111232344232344	1234112212334434
1111232422333444	1234112123234344
1111232422334344	1123212134432434
1111232422334344	1212113234432434
1111232422334344	1213212123344434
1111232422334344	1231112234342434
1111232422334344	1234112123243434
1111232422334344	1234112123342434
1111232422334344	1234112134232434
1111232422334344	1213112234342434
1111232422334434	1231112234432344
1111232422334434	1123213124432344
1111232422334434	1234112123342344
1111232422334434	1234112134232344
1111232422334434	1234112234132344
1111232422343344	1123212134432434
1111232422343344	1212113234432434
1111232422343344	1231112234423434
1111232422343344	1231112234324434
1111232422343344	1234112123323444
1111232422343344	1234112134223434
1111232422343344	1213213234412434
1111232422343344	1213112234423434
1111232422343344	1234112234312434
1111232422343434	1234112134223344
1111232423234344	1231112233442434
1111232423234344	1123212143432434
1111232423234344	1213112233442434
1111232423234434	1123213142432344
1111232423234434	1234112132432344
1111232423243434	1234112122334344
1111232423243434	1234112132324344
1111232423243434	1234112132423344
1111232423243434	1234112231324344
1111232423243434	1234112231423344
1111232423342344	1234112122334434
1111232423342344	1213212132434434
1111232423342434	1234112122334344
1111232423342434	1234112132324344
1111232423342434	1234112132423344
1111232423342434	1234112231324344
1111232423342434	1234112231423344
1111232423344234	1234112132323444
1111232423344234	1234112231323444
1111232423432434	1234112233124344
1111232432342434	1234112134223344
1111232432344234	1234112123323444
1111232432423344	1123212134432434
1111232432423344	1212113234432434
1111232432423344	1213212123344434
1111232432423344	1231112234342434
1111232432423344	1234112123243434
1111232432423344	1234112123342434
1111232432423344	1234112134232434
1111232432423344	1213112234342434
1111232432432344	1213212123344434
1111232432432344	1231112234324434
1111232432432344	1234112123234434
1111232432432344	1234112213234434
1111232432432344	1213212134234434
1111232432432434	1234112123234344
1111232432432434	1234112134223344
1111232432432434	1234112233124344
1111232432432434	1234112234123344
1111232434223344	1213212132344434
1111232434223344	1231112233442434
1111232434223344	1234112122343434
1111232434223344	1234112132342434
1111232434223344	1123212143432434
1111232434223344	1213112233442434
1111232434223344	1234112231243434
1111232434223434	1234112122343344
1111232434232344	1234112122334434
1111232434232344	1213212132434434
1111232434232434	1234112122334344
1111232434232434	1234112132324344
1111232434232434	1234112132423344
1111232434232434	1234112231324344
1111232434232434	1234112231423344
1111234223234344	1123211243432434
1111234223234344	1234111232432434
1111234223234434	1123211342432344
1111234223234434	1213211342432344
1111234223234434	1213211243432344
1111234223234434	1234111232432344
1111234223243344	1123211344223434
1111234223243344	1123211342423434
1111234223243344	1234111232323444
1111234223243434	1123211344223344
1111234223243434	1234111232324344
1111234223243434	1234111232423344
1111234223323444	1112221333244434
1111234223342344	1213211232434434
1111234223342434	1123211344223344
1111234223342434	1234111232324344
1111234223342434	1234111232423344
1111234223344234	1234111232323444
1111234223423344	1123211344232434
1111234223423344	1234111232233444
1111234223423344	1123211243342434
1111234223432344	1234111232234434
1111234223432434	1123211344223344
1111234223432434	1234111232234344
1111234223434234	1213211432233444
1111234223434234	1213211243233444
1111234223434234	1234111232233444
1111234232234434	1213211224333444
1111234232234434	1213211324432344
1111234232234434	1123211324432344
1111234232234434	1213211423432344
1111234232234434	1234111223432344
1111234232323444	1112221333244434
1111234232344234	1213211224333444
1111234232344234	1213211423323444
1111234232344234	1234111223323444
1111234232423344	1213211223344434
1111234232432344	1213211223344434
1111234234234234	1213211422333444
1111234234234234	1234111222333444
1112122233343444	1122113322443344
1112122233343444	1122113324423344
1112122233343444	1211213322443344
1112122233343444	1122311322443344
1112122233343444	1122113322434434
1112122233343444	1211321322443344
1112122233343444	1122113324324434
1112122233343444	1211312322443344
1112122233343444	1122113324434234
1112122233343444	1231211322443344
1112122233343444	1122113323424434
1112122233343444	1122311324423344
1112122233343444	1211213322434434
1112122233343444	1122311432423344
1112122233343444	1121223331424434
1112122233343444	1122311434223344
1112122233343444	1211223331424434
1112122233343444	1122313214423344
1112122233343444	1211314222334344
1112122233343444	1122313412423344
1112122233343444	1231214321434234
1112122233343444	1122313414223344
1112122233343444	1211324321434234
1112122233343444	1122331214423344
1112122233343444	1211314222334434
1112122233343444	1122331412423344
1112122233343444	1231214321324434
1112122233343444	1122331414223344
1112122233343444	1211324321324434
1112122233343444	1121324321324434
1112122233343444	1121221333424434
1112122233343444	1211322413324434
1112122233343444	1211312224334344
1112122233343444	1211322431324434
1112122233343444	1211321224334344
1112122233343444	1121322413324434
1112122233343444	1211312224334434
1112122233343444	1121221334324434
1112122233343444	1211324213324434
1112122233343444	1211221333424434
1112122233343444	1211322413324344
1112122233343444	1121223313424434
1112122233343444	1231211432423344
1112122233343444	1121223314324434
1112122233343444	1211321432423344
1112122233343444	1121223413324434
1112122233343444	1211322433414234
1112122233343444	1122313214434234
1112122233343444	1211312422334344
1112122233343444	1122331214434234
1112122233343444	1211312422334434
1112122233343444	1122311324434234
1112122233343444	1211312322434434
1112122233343444	1231212413324434
1112122233343444	1211322413434234
1112122233343444	1231214213324434
1112122233343444	1211322413423344
1112122233343444	1231211423324434
1112122233343444	1211323214434234
1112122233343444	1211322313424434
1112122233343444	1211312423324344
1112122233343444	1231211432324434
1112122233343444	1211322314434234
1112122233343444	1121322313424434
1112122233343444	1211312423324434
1112122233343444	1231214312324434
1112122233343444	1231421312423344
1112122233343444	1231213214434234
1112122233343444	1211312423423344
1112122233343444	1231211324434234
1112122233343444	1211312323424434
1112122233343444	1231212314434234
1112122233343444	1211312423434234
1112122233343444	1231412213324434
1112122233343444	1211322412334344
1112122233343444	1231412321324434
1112122233343444	1122331412434234
1112122233343444	1231421213324434
1112122233343444	1211213324434234
1112122233343444	1211322412334434
1112122233343444	1211312324423344
1112122233343444	1231421321324434
1112122233343444	1211321324434234
1112122233343444	1122331412324434
1112122233343444	1211312324324434
1112122233343444	1231421312324434
1112122233343444	1211312324434234
1112122233343444	1121322314324434
1112122233343444	1211314223324434
1112122233343444	1211321432324434
1112122233343444	1211322314423344
1112122233343444	1121322331424434
1112122233343444	1211321423324434
1112122233343444	1211323214423344
1112122233343444	1122311432324434
1112122233343444	1211322314324434
1112122233343444	1211314223324344
1112122233343444	1211324312324434
1112122233343444	1231421314223344
1112122233343444	1231213214423344
1112122233343444	1211314223423344
1112122233343444	1231211324423344
1112122233343444	1211213323424434
1112122233343444	1121322431324434
1112122233343444	1211321224334434
1112122233343444	1211213324423344
1112122233343444	1211321422334434
1112122233343444	1211321324423344
1112122233343444	1122331214324434
1112122233343444	1211213324324434
1112122233343444	1121323214324434
1112122233343444	1211321432324344
1112122233343444	1121323421324434
1112122233343444	1122331442314234
1112122233343444	1121324213324434
1112122233343444	1122313214324434
1112122233343444	1211321422334344
1112122233343444	1211321434223344
1112122233343444	1122311324324434
1112122233343444	1211223314324434
1112122233343444	1211321322434434
1112122233343444	1122312413324434
1112122233343444	1211322431434234
1112122233343444	1122311423324434
1112122233343444	1211323214324434
1112122233343444	1211322331424434
1112122233343444	1211321423324344
1112122233343444	1231213214324434
1112122233343444	1211321423423344
1112122233343444	1211323412423344
1112122233343444	1231214324314234
1112122233343444	1211323414223344
1112122233343444	1231211324324434
1112122233343444	1211324324314234
1112122233343444	1211321323424434
1112122233343444	1231212314324434
1112122233343444	1211321423434234
1112122233343444	1122313421324434
1112122233343444	1122331421434234
1112122233343444	1211324312423344
1112122233343444	1231214314223344
1112122233343444	1211324314223344
1112122233343444	1122331421324434
1112122233343444	1211321324324434
1112122233343444	1122312314324434
1112122233343444	1211321432434234
1112122233343444	1211324213324344
1112122233343444	1122311322434434
1112122233343444	1211221334324434
1112122233343444	1122313412324434
1112122233343444	1231421321434234
1112122233343444	1122312331424434
1112122233343444	1122311432434234
1112122233343444	1122312313424434
1112122233343444	1231211432434234
1112122233343444	1122311323424434
1112122233343444	1211223413324434
1112122233343444	1231211322434434
1112122233343444	1211322434314234
1112122233343444	1211324312324344
1112122233343444	1231423114223344
1112122233343444	1122313421434234
1112122233343444	1122313424314234
1112122233343444	1211323421434234
1112122233343444	1211223313424434
1112122233343444	1231211434223344
1112122233343444	1211323421324434
1112122233343444	1122331424314234
1112122233343444	1122313412434234
1112122233343444	1231412321434234
1112122233343444	1211323412324434
1112122233343444	1231421324314234
1112122233343444	1231213414223344
1112122233343444	1211324323414234
1112122233343444	1231412324314234
1112122233343444	1211323412434234
1112122233343444	1231213412324434
1112122233343444	1231421323414234
1112122233343444	1231212313424434
1112122233343444	1231211423434234
1112122233343444	1231211323424434
1112122233343444	1211323424314234
1112122233343444	1231213412423344
1112122233343444	1231214323414234
1112122233343444	1231214312423344
1112122233343444	1231212413434234
1112122233343444	1231213412434234
1112122233343444	1231412323414234
1112122233343444	1231423412314234
1112122233344344	1231212413324434
1112122233433444	1211312224334344
1112122233433444	1231212413324434
1112122233434344	1211312223344434
1112122233434344	1121221334432434
1112122233434344	1121221334342434
1112122233434344	1211312224343434
1112122233434344	1121223413342434
1112122233434344	1211312324243434
1112122233434344	1121324213342434
1112122233434344	1231412213342434
1112122233434344	1231212314342434
1112122233434344	1231212413342434
1112122234334434	1122113322443344
1112122234334434	1211321432233444
1112122234343434	1122113322443344
1112122323343444	1211312242334434
1112122323343444	1231214231324434
1112122323343444	1231412231324434
1112122323343444	1231423121324434
1112122323343444	1211213342434234
1112122323343444	1231214132423344
1112122323343444	1231212143434234
1112122323343444	1231214342314234
1112122323343444	1231423121434234
1112122323343444	1231213241434234
1112122323434344	1211213342243434
1112122323434344	1231214132243434
1112122324343344	1231214231324434
1112122324343344	1231412231324434
1112122324343344	1231423121324434
1112122324343344	1231212133442434
1112122324343344	1211213342423434
1112122324343344	1121324233412434
1112122324343344	1231212143432434
1112122324343344	1231213241432434
1112122324343344	1231423121423434
1112122324343344	1231214132423434
1112122324343344	1231213241423434
1112122324343434	1231214132423344
1112122332343444	1211312224334344
1112122332343444	1231214134223344
1112122332433444	1211312224334344
1112122334234344	1231212133442434
1112122334234344	1231212143432434
1112122334234344	1231213241432434
1112122334243344	1231214231324434
1112122334243344	1231412231324434
1112122334243344	1231423121324434
1112122334243344	1231212133442434
1112122334243344	1211213342423434
1112122334243344	1121324233412434
1112122334243344	1231212143432434
1112122334243344	1231213241432434
1112122334243344	1231423121423434
1112122334243344	1231214132423434
1112122334243344	1231213241423434
1112122334243434	1231214132423344
1112122334342344	1231214231324434
1112122334342344	1231412231324434
1112122334342344	1231423121324434
1112122334342434	1231214132423344
1112122334342434	1231412132423344
1112122334344234	1231214132323444
1112122334344234	1231214231323444
1112122334344234	1231412132323444
1112122334344234	1231412231323444
1112122334344234	1231423121323444
1112122334423344	1231212133442434
1112122334423344	1211213342243434
1112122334423344	1121324231342434
1112122334423344	1231212143432434
1112122334423344	1231213241432434
1112122334423344	1231412231342434
1112122334423344	1231213241243434
1112122334423344	1231214132342434
1112122334423344	1231214231342434
1112122334423344	1231214341232434
1112122334423344	1231213241342434
1112122334434234	1231423121233444
1112122342333444	1211312224334344
1112122342334344	1211312223344434
1112122342334344	1211312224343434
1112122342334344	1121324213342434
1112122342334344	1231412213342434
1112122343342344	1231423112324434
1112122343342344	1231412212334434
1112122343342344	1231214212334434
1112122343342434	1231412212334344
1112122343342434	1231423112324344
1112122343344234	1231423112323444
1112122343423344	1121324213342434
1112122343432344	1231423112234434
1112122343432344	1231412213234434
1112122343432344	1231214213234434
1112122343432434	1122334412123344
1112122343432434	1231412213234344
1112122343432434	1231423112234344
1112122343434234	1231423112233444
1112123223434434	1211321432233444
1112123223443434	1122331144223344
1112123232343444	1122311324423344
1112123232343444	1122311434223344
1112123232343444	1122331214423344
1112123232343444	1122331414223344
1112123232343444	1211322413324434
1112123232343444	1211321224334344
1112123232343444	1121322413324434
1112123232343444	1121221334324434
1112123232343444	1211322413324344
1112123232343444	1122331214434234
1112123232343444	1122311324434234
1112123232343444	1231211423324434
1112123232343444	1211322314434234
1112123232343444	1231211324434234
1112123232343444	1231421213324434
1112123232343444	1211321324434234
1112123232343444	1121322314324434
1112123232343444	1211322314423344
1112123232343444	1211321423324434
1112123232343444	1211322314324434
1112123232343444	1231421314223344
1112123232343444	1231211324423344
1112123232343444	1211321224334434
1112123232343444	1211321324423344
1112123232343444	1122331214324434
1112123232343444	1211321434223344
1112123232343444	1122311324324434
1112123232343444	1122311423324434
1112123232343444	1211321423324344
1112123232343444	1231211324324434
1112123232343444	1211321324324434
1112123232343444	1211221334324434
1112123232343444	1211322434314234
1112123232343444	1231211434223344
1112123232343444	1122331424314234
1112123232343444	1231421324314234
1112123232344344	1121221334432434
1112123232434344	1121221334432434
1112123232434344	1121221334342434
1112123233424344	1231211223344434
1112123233424344	1231421312233444
1112123233424344	1231421213243434
1112123234344234	1211321422333444
1112123234344234	1211321432323444
1112123234344234	1211322431323444
1112123234344234	1231211422333444
1112123234344234	1231211432323444
1112123234344234	1231411222333444
1112123234344234	1231421321323444
1112123234434234	1211321432233444
1112123234434234	1231421321233444
1112123242334344	1121221334432434
1112123242334344	1121221334342434
1112123242343344	1121221334432434
1112123243432344	1231211223344434
1112123243432344	1231421213234434
1112123243432434	1231421312234344
1112123243432434	1231421213234344
1112123243432434	1231421323124344
1112123243434234	1231421312233444
1112123323424434	1211321432233444
1112123323442434	1231421233124344
1112123323442434	1231411232234344
1112123342234434	1231421213432344
1112123342234434	1231411223432344
1112123342423344	1231211223344434
1112123342423344	1231421312233444
1112123342423344	1231421213243434
1112123342432344	1231211223344434
1112123342432344	1231421213234434
1112123342432434	1231421312234344
1112123342432434	1231421213234344
1112123342432434	1231421323124344
1112123342434234	1231421312233444
1112123344232344	1231421212334434
1112123344232344	1231211223434434
1112123344232434	1231421312324344
1112123344232434	1231421212334344
1112123344232434	1231421213423344
1112123422333444	1211322143324434
1112123422333444	1211322143344234
1112123422333444	1211322143243344
1112123422333444	1211322143234344
1112123422343434	1122331144223344
1112123423234434	1122331122443344
1112123423342344	1231421122334434
1112123423434234	1211322143233444
1112123423434234	1231421132233444
1112123432344234	1231421123323444
1112123432432344	1231421123234434
1112123432432434	1231421123234344
1112123432432434	1231421123243344
1112123434223344	1231421122343434
1112123434223434	1122331122443344
1112123434223434	1231421122343344
1112123434232344	1231421122334434
1112123434234234	1211322142333444
1112123434234234	1231421122333444
1112132232433444	1211312224334344
1112132232433444	1231212413324434
1112132233243444	1211312224334344
1112132233243444	1231212413324434
1112132233243444	1231212413434234
1112132233442344	1231212413324434
1112132243233444	1211312224334344
1112132243233444	1231212413324434
1112132243233444	1231212413434234
1112132243243344	1231212413324434
1112132322433444	1211312224334344
1112132323442434	1231214342123344
1112132323442434	1231423142123344
1112132323442434	1231214233124344
1112132323442434	1231412233124344
1112132324234434	1231213142432344
1112132324234434	1231214132432344
1112132324234434	1231412132432344
1112132324234434	1231212143432344
1112132324243344	1231214132323444
1112132324243344	1231214231323444
1112132324243344	1231412132323444
1112132324243344	1231412231323444
1112132324243344	1231213244312434
1112132324243344	1231423121323444
1112132324243344	1231214231324434
1112132324243344	1231412231324434
1112132324243344	1231423121324434
1112132324243344	1231212133442434
1112132324243344	1211213342423434
1112132324243344	1121324233412434
1112132324243344	1231212143432434
1112132324243344	1231213241432434
1112132324243344	1231214342312434
1112132324243344	1231423121423434
1112132324243344	1231412132423434
1112132324243344	1231212143423434
1112132324243344	1231214341223434
1112132324243344	1231214132423434
1112132324243344	1231213241423434
1112132324243434	1122334411223344
1112132324243434	1231214132423344
1112132324243434	1231214341223344
1112132324243434	1231423141223344
1112132324243434	1231214231324344
1112132324243434	1231214132324344
1112132324243434	1231412132423344
1112132324243434	1231412231423344
1112132324243434	1231412231324344
1112132324243434	1231412122334344
1112132324243434	1231412132324344
1112132324243434	1231423121324344
1112132324342434	1122334411223344
1112132324342434	1231214132423344
1112132324342434	1231214341223344
1112132324342434	1231423141223344
1112132324342434	1231214231324344
1112132324342434	1231214132324344
1112132324342434	1231412132423344
1112132324342434	1231412231423344
1112132324342434	1231412231324344
1112132324342434	1231412122334344
1112132324342434	1231412132324344
1112132324342434	1231423121324344
1112132324344234	1231214132323444
1112132324344234	1231214231323444
1112132324344234	1231412132323444
1112132324344234	1231412231323444
1112132324344234	1231423121323444
1112132342233444	1211312224334344
1112132342234434	1231423112432344
1112132342423344	1231423112233444
1112132342423344	1121324213342434
1112132342423344	1122334412132434
1112132342432344	1231423112234434
1112132342432344	1231412213234434
1112132342432344	1231214213234434
1112132342432434	1122334412123344
1112132342432434	1231412213234344
1112132342432434	1231423112234344
1112132342434234	1231423112233444
1112132344232434	1122334411223344
1112132344232434	1231412212334344
1112132344232434	1231423112324344
1112132422333444	1211312224334344
1112132422334344	1231212134432434
1112132422334344	1211312223344434
1112132422334344	1121223134432434
1112132422334344	1211213234432434
1112132422334344	1231212123344434
1112132422334344	1231112234342434
1112132422334344	1231214132233444
1112132422334344	1231423112233444
1112132422334344	1231421123243434
1112132422334344	1211312224343434
1112132422334344	1121223134342434
1112132422334344	1211312243342434
1112132422334344	1121223334142434
1112132422334344	1121223344132434
1112132422334344	1211213243342434
1112132422334344	1121324324132434
1112132422334344	1211312234243434
1112132422334344	1211312234342434
1112132422334344	1211213234342434
1112132422334344	1121324213342434
1112132422334344	1211213342243434
1112132422334344	1121324234132434
1112132422334344	1231213244132434
1112132422334344	1121324342132434
1112132422334344	1211223344132434
1112132422334344	1122334412132434
1112132422334344	1231214132243434
1112132422334344	1231412213342434
1112132422334344	1231214342132434
1112132422334344	1231412213243434
1112132422334344	1231212124343434
1112132422334344	1231412123243434
1112132422334344	1231412123342434
1112132422334344	1231213124342434
1112132422334344	1231212134342434
1112132422334344	1231412134232434
1112132422334344	1231214123243434
1112132422334344	1231212134243434
1112132422334344	1231214123342434
1112132422334344	1231412234132434
1112132422334344	1231213124243434
1112132422334344	1231214134232434
1112132422334344	1231423124132434
1112132422334344	1231423123142434
1112132422334344	1231214234132434
1112132422334344	1231213234142434
1112132422334434	1122334412132344
1112132422334434	1231112234432344
1112132422334434	1231213124432344
1112132422334434	1231212134432344
1112132422334434	1231421123342344
1112132422334434	1231421123243344
1112132422334434	1231423112233444
1112132422334434	1231213244132344
1112132422334434	1231412213342344
1112132422334434	1231423142132344
1112132422334434	1231214342132344
1112132422334434	1231214134232344
1112132422334434	1231423124132344
1112132422334434	1231214234132344
1112132422334434	1231214123342344
1112132422334434	1231412134232344
1112132422334434	1231412234132344
1112132422334434	1231412123342344
1112132422334434	1231423123142344
1112132422343344	1231212134432434
1112132422343344	1121223134432434
1112132422343344	1211213234432434
1112132422343344	1231112234423434
1112132422343344	1231112234324434
1112132422343344	1231421123323444
1112132422343344	1231214123323444
1112132422343344	1231412123323444
1112132422343344	1231213244312434
1112132422343344	1121223344312434
1112132422343344	1211223344312434
1112132422343344	1211312234423434
1112132422343344	1121324234312434
1112132422343344	1122314234312434
1112132422343344	1231213124423434
1112132422343344	1231212134423434
1112132422343344	1231213234412434
1112132422343344	1231214134223434
1112132422343344	1231412134223434
1112132422343344	1231423124312434
1112132422343344	1231412234312434
1112132422343344	1231214234312434
1112132422343434	1231214134223344
1112132422343434	1231412134223344
1112132423234344	1231112233442434
1112132423234344	1121223133442434
1112132423234344	1121223143432434
1112132423234344	1121223341432434
1112132423234344	1211312233442434
1112132423234344	1231213122443434
1112132423234344	1231212132443434
1112132423234344	1121323241432434
1112132423234344	1231212133442434
1112132423234344	1211213243432434
1112132423234344	1231212143432434
1112132423234344	1231213241432434
1112132423234434	1231213142432344
1112132423234434	1231214132432344
1112132423234434	1231412132432344
1112132423234434	1231212143432344
1112132423243434	1122334411223344
1112132423243434	1231214132423344
1112132423243434	1231214341223344
1112132423243434	1231423141223344
1112132423243434	1231214231324344
1112132423243434	1231214132324344
1112132423243434	1231412132423344
1112132423243434	1231412231423344
1112132423243434	1231412231324344
1112132423243434	1231412122334344
1112132423243434	1231412132324344
1112132423243434	1231423121324344
1112132423342344	1231421122334434
1112132423342344	1211312242334434
1112132423342344	1211312232434434
1112132423342344	1211312233424434
1112132423342344	1231214231324434
1112132423342344	1231412231324434
1112132423342344	1231423121324434
1112132423342344	1231412122334434
1112132423342344	1211213233424434
1112132423342344	1231214122334434
1112132423342344	1231213142324434
1112132423342344	1231212132434434
1112132423342434	1122334411223344
1112132423342434	1231214132423344
1112132423342434	1231214341223344
1112132423342434	1231423141223344
1112132423342434	1231214231324344
1112132423342434	1231214132324344
1112132423342434	1231412132423344
1112132423342434	1231412231423344
1112132423342434	1231412231324344
1112132423342434	1231412122334344
1112132423342434	1231412132324344
1112132423342434	1231423121324344
1112132423344234	1231214132323444
1112132423344234	1231214231323444
1112132423344234	1231412132323444
1112132423344234	1231412231323444
1112132423344234	1231423121323444
1112132423423344	1211213243342434
1112132423423344	1211213342243434
1112132423423344	1231213244132434
1112132423423344	1121324342132434
1112132423423344	1211223344132434
1112132423423344	1231214342132434
1112132423432344	1211312243234434
1112132423432344	1211213342234434
1112132423432434	1231214342123344
1112132423432434	1231423142123344
1112132423432434	1231214233124344
1112132423432434	1231412233124344
1112132423434234	1231214132233444
1112132432342434	1231214134223344
1112132432342434	1231412134223344
1112132432344234	1231421123323444
1112132432344234	1231214123323444
1112132432344234	1231412123323444
1112132434223344	1231112233442434
1112132434223344	1231421122343434
1112132434223344	1231212132344434
1112132434223344	1122334411232434
1112132434223344	1231423121233444
1112132434223344	1211213243342434
1112132434223344	1231212133442434
1112132434223344	1211213342243434
1112132434223344	1121324231342434
1112132434223344	1231213244132434
1112132434223344	1211213342342434
1112132434223344	1121324342132434
1112132434223344	1211223344132434
1112132434223344	1211213243432434
1112132434223344	1231212143432434
1112132434223344	1231213241432434
1112132434223344	1231214342132434
1112132434223344	1231412122343434
1112132434223344	1231423121243434
1112132434223344	1231412231243434
1112132434223344	1231412132342434
1112132434223344	1231212142343434
1112132434223344	1231214231243434
1112132434223344	1231423121342434
1112132434223344	1231214122343434
1112132434223344	1231412231342434
1112132434223344	1231213241243434
1112132434223344	1231214132342434
1112132434223344	1231214231342434
1112132434223344	1231214341232434
1112132434223344	1231423141232434
1112132434223344	1231213241342434
1112132434223344	1231213142342434
1112132434223434	1231421122343344
1112132434223434	1231412122343344
1112132434232344	1231421122334434
1112132434232344	1231412122334434
1112132434232344	1231214122334434
1112132434232344	1231213142324434
1112132434232344	1231212132434434
1112132434232434	1122334411223344
1112132434232434	1231214132423344
1112132434232434	1231214341223344
1112132434232434	1231423141223344
1112132434232434	1231214231324344
1112132434232434	1231214132324344
1112132434232434	1231412132423344
1112132434232434	1231412231423344
1112132434232434	1231412231324344
1112132434232434	1231412122334344
1112132434232434	1231412132324344
1112132434232434	1231423121324344
1112134223342344	1231421122334434
1112134223342344	1231211232434434
1112134223342434	1231421231324344
1112134223342434	1231421231423344
1112134223342434	1231411232324344
1112134223342434	1231411232423344
1112134223344234	1231211243323444
1112134223344234	1231411232323444
1112134223344234	1231421231323444
1112134223344234	1231421321323444
1112134223423344	1231411232233444
1112134223432344	1231411232234434
1112134223432344	1231211243234434
1112134223432434	1231421233124344
1112134223432434	1231411232234344
1112134223434234	1231411232233444
1112134232234434	1231421213432344
1112134232234434	1231411223432344
1112134232423344	1231211223344434
1112134232423344	1231421312233444
1112134232423344	1231421213243434
1112134232432344	1231211223344434
1112134232432344	1231421213234434
1112134232432434	1231421312234344
1112134232432434	1231421213234344
1112134232432434	1231421323124344
1112134232434234	1231421312233444
1112134234223344	1231421321233444
1112212323433444	1211322143324434
1112212323433444	1211322143344234
1112212323433444	1211132243234344
1112212323433444	1211322143243344
1112212323433444	1211132243243344
1112212323433444	1211322143234344
1112212323433444	1231241132243344
1112212323433444	1231231142243344
1112212323433444	1231142233144234
1112212323433444	1231231144234234
1112212342333444	1211132224334344
1112212342333444	1231142213324434
1112212343234434	1211132224333444
1112212343344234	1211132224333444
1112212343344234	1211342212333444
1112212343344234	1231142213323444
1112212343344234	1211342213323444
1112212343344234	1231142212333444
1112212343344234	1231243112323444
1112212343432344	1231243112234434
1112212343432344	1122343112234434
1112212343432434	1231243112234344
1112212343434234	1211132224333444
1112212343434234	1211342213233444
1112212343434234	1231142213233444
1112212343434234	1231243112233444
1112213243243344	1231241312423434
1112213342234434	1231243112432344
1112213342234434	1231241312432344
1112213342243344	1231241312423434
1112213432344234	1211132224333444
1112223413423434	1211322143243344
1112223413423434	1211132243243344
1112223413423434	1231241132243344
1112223413423434	1231231142243344
1112223431234434	1211132224333444
1112231243432344	1231423112234434
1112231243432344	1231412213234434
1112231243432344	1231214213234434
1112231243432434	1122334412123344
1112231243432434	1231412213234344
1112231243432434	1231423112234344
1112231243434234	1231423112233444
1112231324344234	1231214132323444
1112231324344234	1231214231323444
1112231324344234	1231412132323444
1112231324344234	1231412231323444
1112231324344234	1231423121323444
1112231342243434	1211312224334344
1112231342432434	1211312224334344
1112231423344234	1231214132323444
1112231423344234	1231214231323444
1112231423344234	1231412132323444
1112231423344234	1231412231323444
1112231423344234	1231423121323444
1112231423432344	1211213342234434
1112231423432434	1231214342123344
1112231423432434	1231423142123344
1112231423432434	1231214233124344
1112231423432434	1231412233124344
1112232133442344	1231212413324434
1112232142343344	1231212413324434
1112232341243434	1211312224334344
1112233123442344	1231112432234434
1112233123442344	1231212433124434
1112233124344234	1231112432323444
1112233124344234	1231212431323444
1112233124344234	1231412321323444
1112233124344234	1231421321323444
1112233142342344	1231212413324434
1112233441232344	1231112234324434
1112233441232434	1231214134223344
1112233441232434	1231412134223344
1112234123344234	1231421321323444
1112234312324344	1231411232233444
1112234312344234	1231211243323444
1112234312423344	1231411232233444
1112234312432344	1231411232234434
1112234312432344	1231211243234434
1112234312434234	1231411232233444
1112234341223344	1231211223344434
1112234341223344	1231421312233444
1112234341223344	1231421213243434
1112234342123344	1121221334432434
1112234342123344	1231211223443434
1112234342123344	1231211323442434
1112234342123344	1231411223432434
1112234342132344	1231421212334434
1112234342132344	1231211223434434
1112234342312344	1231211223344434
1112312223434434	1211132432233444
1112312223434434	1211132432243344
1112312232434434	1231121324432344
1112312232434434	1231121423342344
1112312232434434	1231121434232344
1112312242334344	1211122334432434
1112312242334344	1231121223344434
1112312242334344	1231141223243434
1112312242334344	1231141223342434
1112312242334344	1231121224343434
1112312242334344	1231121423342434
1112312242334344	1231121423243434
1112312242334344	1231121434232434
1112312242334344	1231121324243434
1112312242334344	1231121324342434
1112312242334434	1231121324432344
1112312242334434	1231121423342344
1112312242334434	1231121434232344
1112312242343434	1231121434223344
1112312243234344	1211122334432434
1112312243234344	1231141223432434
1112312243234344	1231121223443434
1112312243234344	1231121323442434
1112312243234434	1231121324432344
1112312243234434	1231121423432344
1112312243423344	1211122334432434
1112312243423344	1231121223344434
1112312243423344	1231121423342434
1112312243423344	1231121423243434
1112312243423344	1231121434232434
1112312243423344	1231121324243434
1112312243423344	1231121324342434
1112312243432344	1231121223344434
1112312243432344	1231121423234434
1112312243432344	1231121324234434
1112312243432344	1231122314234434
1112312342234434	1211132224333444
1112312342234434	1122133212443344
1112312342234434	1122133214432344
1112312342344234	1211132224333444
1112312342344234	1231142213323444
1112312344234234	1211132224333444
1112312344234234	1231142212333444
1112312422343434	1122133124423344
1112312422343434	1122133144223344
1112312422343434	1231122143324344
1112312423234434	1122133122443344
1112312423234434	1122133142432344
1112312423234434	1231122143432344
1112312423434234	1211132243233444
1112312423434234	1231122143233444
1112312423434234	1231142132233444
1112312432344234	1211132224333444
1112312432344234	1231122124333444
1112312432344234	1231122143323444
1112314232234434	1231121324432344
1112314232234434	1231121423432344
1112314232342434	1231121434223344
1112314232344234	1231121423323444
1112314232423344	1211122334432434
1112314232423344	1231121223344434
1112314232423344	1231121423342434
1112314232423344	1231121423243434
1112314232423344	1231121434232434
1112314232423344	1231121324243434
1112314232423344	1231121324342434
1112314232432344	1231121223344434
1112314232432344	1231121423234434
1112314232432344	1231121324234434
1112314232432344	1231122314234434
1112321234234434	1122113322443344
1112321234344234	1231124321323444
1112321243234434	1122113322443344
1112321243234434	1211132224333444
1112321243234434	1122133212443344
1112321243234434	1122133214432344
1112321243234434	1231124312432344
1112321243234434	1231124213432344
1112321243423344	1231124312233444
1112321243423344	1231124323142434
1112321243423344	1231124312243434
1112321243423344	1231124213342434
1112321243423344	1231124213243434
1112321243432344	1231124312234434
1112321243432344	1231124213234434
1112321243434234	1231124312233444
1112321342234434	1122113322443344
1112321342234434	1211132224333444
1112321342234434	1122133212443344
1112321342234434	1122133214432344
1112321342234434	1231124312432344
1112321342234434	1231124213432344
1112321342344234	1211132224333444
1112321342344234	1211134223323444
1112321342423344	1231124312233444
1112321342423344	1231124323142434
1112321342423344	1231124312243434
1112321342423344	1231124213342434
1112321342423344	1231124213243434
1112321342423434	1211134223243344
1112321342432344	1231124312234434
1112321342432344	1231124213234434
1112321342434234	1231124312233444
1112322343412344	1211132223344434
1112322343412344	1122133213244434
1112323142342434	1231121434223344
1112323142344234	1231121423323444
1112323142423344	1211122334432434
1112323142423344	1231121223344434
1112323142423344	1231121423342434
1112323142423344	1231121423243434
1112323142423344	1231121434232434
1112323142423344	1231121324243434
1112323142423344	1231121324342434
1112323142432344	1231121223344434
1112323142432344	1231121423234434
1112323142432344	1231121324234434
1112323142432344	1231122314234434
1112323234412344	1122121333244434
1112323234412344	1211122333244434
1112323241243434	1231121434223344
1112323241423344	1211122334432434
1112323241423344	1231121223344434
1112323241423344	1231121423342434
1112323241423344	1231121423243434
1112323241423344	1231121434232434
1112323241423344	1231121324243434
1112323241423344	1231121324342434
1112323412344234	1231122143323444
1112323414223434	1122133122443344
1112323424123434	1122133122443344
1112323424312344	1122133122344434
1112323424312344	1231122132344434
1112323441234234	1211132224333444
1112323441234234	1231122124333444
1112324122334344	1211122334432434
1112324122334344	1231121223344434
1112324122334344	1231121423342434
1112324122334344	1231121423243434
1112324122334344	1231121434232434
1112324122334344	1231121324243434
1112324122334344	1231121324342434
1112324122343434	1231121434223344
1112324132324344	1211122334432434
1112324132324344	1231121223344434
1112324132324344	1231121423342434
1112324132324344	1231121423243434
1112324132324344	1231121434232434
1112324132324344	1231121324243434
1112324132324344	1231121324342434
1112324132342434	1231121434223344
1112324132344234	1231121423323444
1112324132423344	1211122334432434
1112324132423344	1231121223344434
1112324132423344	1231121423342434
1112324132423344	1231121423243434
1112324132423344	1231121434232434
1112324132423344	1231121324243434
1112324132423344	1231121324342434
1112324132432344	1231121223344434
1112324132432344	1231121423234434
1112324132432344	1231121324234434
1112324132432344	1231122314234434
1112324212343434	1231121344223344
1112324231234344	1211122334432434
1112324231243434	1231121434223344
1112324231324344	1211122334432434
1112324231324344	1231121223344434
1112324231324344	1231121423342434
1112324231324344	1231121423243434
1112324231324344	1231121434232434
1112324231324344	1231121324243434
1112324231324344	1231121324342434
1112324231423344	1211122334432434
1112324231423344	1231121223344434
1112324231423344	1231121423342434
1112324231423344	1231121423243434
1112324231423344	1231121434232434
1112324231423344	1231121324243434
1112324231423344	1231121324342434
1112324233124344	1211122334432434
1112324233124344	1231121223443434
1112324233124344	1231121323442434
1112324233412344	1231121223344434
1112324312342434	1231121344223344
1112324312344234	1231121243323444
1112324341223344	1211122334432434
1112324341223344	1231121223344434
1112324341223344	1231121423342434
1112324341223344	1231121423243434
1112324341223344	1231121434232434
1112324341223344	1231121324243434
1112324341223344	1231121324342434
1112324341232434	1231121434223344
1112324342123344	1211122334432434
1112324342123344	1231121223443434
1112324342123344	1231121323442434
1112324342312344	1231121223344434
1112341223234344	1231112233442434
1112341234234234	1231114222333444
1112342123434234	1231112432233444
1112342312234344	1231112233442434
1112342312423434	1122113342243344
1112342312423434	1231114232243344
1112342312423434	1231112243243344
1112342323124344	1231112233442434
1112342323412344	1122113233244434
1112342323412344	1231112233244434
1112342324123344	1231112233442434
1112342341234234	1231112224333444
1112342342123434	1122113322443344
1112342342123434	1231112223443344
1112342342312344	1122113323244434
1112342342312344	1231112223344434
1121212233434344	1213241312233444
1121212233434344	1213121223344434
1121212233434344	1212121334432434
1121212233434344	1212133442132434
1121212233434344	1112233442132434
1121212233434344	1213243112233444
1121212233434344	1213211223344434
1121212233434344	1211122334432434
1121212233434344	1212121334342434
1121212233434344	1212133424132434
1121212233434344	1213241312243434
1121212233434344	1213121224343434
1121212233434344	1212132314342434
1121212233434344	1213231424132434
1121212233434344	1213142312243434
1121212233434344	1213231214342434
1121212233434344	1213121434232434
1121212233434344	1212133423142434
1121212233434344	1213241314232434
1121212233434344	1213121423243434
1121212233434344	1212132334142434
1121212233434344	1213231414232434
1121212233434344	1213141223243434
1121212233434344	1213122314342434
1121212233434344	1212131434232434
1121212233434344	1213142323142434
1121212233434344	1213231214243434
1121212233434344	1213121423342434
1121212233434344	1212132413342434
1121212233434344	1213241324132434
1121212233434344	1213122413243434
1121212233434344	1212131324342434
1121212233434344	1213122434132434
1121212233434344	1212133412243434
1121212233434344	1213241213342434
1121212233434344	1213121324243434
1121212233434344	1212132434132434
1121212233434344	1213243412132434
1121212233434344	1213241213243434
1121212233434344	1213121324342434
1121212233434344	1212131324243434
1121212233434344	1213122413342434
1121212233434344	1212131423342434
1121212233434344	1213142324132434
1121212233434344	1213231412243434
1121212233434344	1213141223342434
1121212233434344	1213122334142434
1121212233434344	1212133414232434
1121212233434344	1213241323142434
1121212233434344	1213122314243434
1121212233434344	1213231423142434
1121212233434344	1213142314232434
1121212234343434	1212133441223344
1121212234343434	1213122431324344
1121212234343434	1213243411223344
1121212234343434	1213241321324344
1121212324343434	1213243121324344
1121212334243434	1213243121324344
1121212342334344	1213243112233444
1121212343423344	1213243112233444
1121212343434234	1211132224333444
1121212343434234	1213142213233444
1121212343434234	1213243112233444
1121213232434344	1213241312233444
1121213232434344	1213121223344434
1121213232434344	1212121334432434
1121213232434344	1212133442132434
1121213232434344	1112233442132434
1121213232434344	1213243112233444
1121213232434344	1213211223344434
1121213232434344	1211122334432434
1121213232434344	1212121334342434
1121213232434344	1212133424132434
1121213232434344	1213241312243434
1121213232434344	1213121224343434
1121213232434344	1212132314342434
1121213232434344	1213231424132434
1121213232434344	1213142312243434
1121213232434344	1213231214342434
1121213232434344	1213121434232434
1121213232434344	1212133423142434
1121213232434344	1213241314232434
1121213232434344	1213121423243434
1121213232434344	1212132334142434
1121213232434344	1213231414232434
1121213232434344	1213141223243434
1121213232434344	1213122314342434
1121213232434344	1212131434232434
1121213232434344	1213142323142434
1121213232434344	1213231214243434
1121213232434344	1213121423342434
1121213232434344	1212132413342434
1121213232434344	1213241324132434
1121213232434344	1213122413243434
1121213232434344	1212131324342434
1121213232434344	1213122434132434
1121213232434344	1212133412243434
1121213232434344	1213241213342434
1121213232434344	1213121324243434
1121213232434344	1212132434132434
1121213232434344	1213243412132434
1121213232434344	1213241213243434
1121213232434344	1213121324342434
1121213232434344	1212131324243434
1121213232434344	1213122413342434
1121213232434344	1212131423342434
1121213232434344	1213142324132434
1121213232434344	1213231412243434
1121213232434344	1213141223342434
1121213232434344	1213122334142434
1121213232434344	1212133414232434
1121213232434344	1213241323142434
1121213232434344	1213122314243434
1121213232434344	1213231423142434
1121213232434344	1213142314232434
1121213233424344	1213241312233444
1121213233424344	1213121223344434
1121213233424344	1212121334432434
1121213233424344	1212133442132434
1121213233424344	1112233442132434
1121213233424344	1213243112233444
1121213233424344	1213211223344434
1121213233424344	1211122334432434
1121213233424344	1212121334342434
1121213233424344	1212133424132434
1121213233424344	1213241312243434
1121213233424344	1213121224343434
1121213233424344	1212132314342434
1121213233424344	1213231424132434
1121213233424344	1213142312243434
1121213233424344	1213231214342434
1121213233424344	1213121434232434
1121213233424344	1212133423142434
1121213233424344	1213241314232434
1121213233424344	1213121423243434
1121213233424344	1212132334142434
1121213233424344	1213231414232434
1121213233424344	1213141223243434
1121213233424344	1213122314342434
1121213233424344	1212131434232434
1121213233424344	1213142323142434
1121213233424344	1213231214243434
1121213233424344	1213121423342434
1121213233424344	1212132413342434
1121213233424344	1213241324132434
1121213233424344	1213122413243434
1121213233424344	1212131324342434
1121213233424344	1213122434132434
1121213233424344	1212133412243434
1121213233424344	1213241213342434
1121213233424344	1213121324243434
1121213233424344	1212132434132434
1121213233424344	1213243412132434
1121213233424344	1213241213243434
1121213233424344	1213121324342434
1121213233424344	1212131324243434
1121213233424344	1213122413342434
1121213233424344	1212131423342434
1121213233424344	1213142324132434
1121213233424344	1213231412243434
1121213233424344	1213141223342434
1121213233424344	1213122334142434
1121213233424344	1212133414232434
1121213233424344	1213241323142434
1121213233424344	1213122314243434
1121213233424344	1213231423142434
1121213233424344	1213142314232434
1121213234243434	1212133441223344
1121213234243434	1213122431324344
1121213234243434	1213243411223344
1121213234243434	1213241321324344
1121213234342344	1213122431324434
1121213234342344	1213241321324434
1121213234342344	1213141222334434
1121213234342434	1212133441223344
1121213234342434	1213122431324344
1121213234342434	1213243411223344
1121213234342434	1213241321324344
1121213242334344	1213241312233444
1121213242334344	1213121223344434
1121213242334344	1212121334432434
1121213242334344	1212133442132434
1121213242334344	1112233442132434
1121213242334344	1213243112233444
1121213242334344	1213211223344434
1121213242334344	1211122334432434
1121213242334344	1212121334342434
1121213242334344	1212133424132434
1121213242334344	1213241312243434
1121213242334344	1213121224343434
1121213242334344	1212132314342434
1121213242334344	1213231424132434
1121213242334344	1213142312243434
1121213242334344	1213231214342434
1121213242334344	1213121434232434
1121213242334344	1212133423142434
1121213242334344	1213241314232434
1121213242334344	1213121423243434
1121213242334344	1212132334142434
1121213242334344	1213231414232434
1121213242334344	1213141223243434
1121213242334344	1213122314342434
1121213242334344	1212131434232434
1121213242334344	1213142323142434
1121213242334344	1213231214243434
1121213242334344	1213121423342434
1121213242334344	1212132413342434
1121213242334344	1213241324132434
1121213242334344	1213122413243434
1121213242334344	1212131324342434
1121213242334344	1213122434132434
1121213242334344	1212133412243434
1121213242334344	1213241213342434
1121213242334344	1213121324243434
1121213242334344	1212132434132434
1121213242334344	1213243412132434
1121213242334344	1213241213243434
1121213242334344	1213121324342434
1121213242334344	1212131324243434
1121213242334344	1213122413342434
1121213242334344	1212131423342434
1121213242334344	1213142324132434
1121213242334344	1213231412243434
1121213242334344	1213141223342434
1121213242334344	1213122334142434
1121213242334344	1212133414232434
1121213242334344	1213241323142434
1121213242334344	1213122314243434
1121213242334344	1213231423142434
1121213242334344	1213142314232434
1121213242343434	1212131324423344
1121213242343434	1212131434223344
1121213243423344	1213241312233444
1121213243423344	1213121223344434
1121213243423344	1212121334432434
1121213243423344	1212133442132434
1121213243423344	1112233442132434
1121213243423344	1213243112233444
1121213243423344	1213211223344434
1121213243423344	1211122334432434
1121213243423344	1212121334342434
1121213243423344	1212133424132434
1121213243423344	1213241312243434
1121213243423344	1213121224343434
1121213243423344	1212132314342434
1121213243423344	1213231424132434
1121213243423344	1213142312243434
1121213243423344	1213231214342434
1121213243423344	1213121434232434
1121213243423344	1212133423142434
1121213243423344	1213241314232434
1121213243423344	1213121423243434
1121213243423344	1212132334142434
1121213243423344	1213231414232434
1121213243423344	1213141223243434
1121213243423344	1213122314342434
1121213243423344	1212131434232434
1121213243423344	1213142323142434
1121213243423344	1213231214243434
1121213243423344	1213121423342434
1121213243423344	1212132413342434
1121213243423344	1213241324132434
1121213243423344	1213122413243434
1121213243423344	1212131324342434
1121213243423344	1213122434132434
1121213243423344	1212133412243434
1121213243423344	1213241213342434
1121213243423344	1213121324243434
1121213243423344	1212132434132434
1121213243423344	1213243412132434
1121213243423344	1213241213243434
1121213243423344	1213121324342434
1121213243423344	1212131324243434
1121213243423344	1213122413342434
1121213243423344	1212131423342434
1121213243423344	1213142324132434
1121213243423344	1213231412243434
1121213243423344	1213141223342434
1121213243423344	1213122334142434
1121213243423344	1212133414232434
1121213243423344	1213241323142434
1121213243423344	1213122314243434
1121213243423344	1213231423142434
1121213243423344	1213142314232434
1121213342342344	1213122413324434
1121213342342434	1212131324423344
1121213342342434	1212131434223344
1121213342434234	1213241312233444
1121213342434234	1213243112233444
1121213423243434	1213243121324344
1121213423342344	1213241122334434
1121213423342344	1213122132434434
1121213423342434	1213243121324344
1121223133424344	1213241312233444
1121223133424344	1213121223344434
1121223133424344	1212121334432434
1121223133424344	1212133442132434
1121223133424344	1112233442132434
1121223133424344	1213243112233444
1121223133424344	1213211223344434
1121223133424344	1211122334432434
1121223133424344	1212121334342434
1121223133424344	1212133424132434
1121223133424344	1213241312243434
1121223133424344	1213121224343434
1121223133424344	1212132314342434
1121223133424344	1213231424132434
1121223133424344	1213142312243434
1121223133424344	1213231214342434
1121223133424344	1213121434232434
1121223133424344	1212133423142434
1121223133424344	1213241314232434
1121223133424344	1213121423243434
1121223133424344	1212132334142434
1121223133424344	1213231414232434
1121223133424344	1213141223243434
1121223133424344	1213122314342434
1121223133424344	1212131434232434
1121223133424344	1213142323142434
1121223133424344	1213231214243434
1121223133424344	1213121423342434
1121223133424344	1212132413342434
1121223133424344	1213241324132434
1121223133424344	1213122413243434
1121223133424344	1212131324342434
1121223133424344	1213122434132434
1121223133424344	1212133412243434
1121223133424344	1213241213342434
1121223133424344	1213121324243434
1121223133424344	1212132434132434
1121223133424344	1213243412132434
1121223133424344	1213241213243434
1121223133424344	1213121324342434
1121223133424344	1212131324243434
1121223133424344	1213122413342434
1121223133424344	1212131423342434
1121223133424344	1213142324132434
1121223133424344	1213231412243434
1121223133424344	1213141223342434
1121223133424344	1213122334142434
1121223133424344	1212133414232434
1121223133424344	1213241323142434
1121223133424344	1213122314243434
1121223133424344	1213231423142434
1121223133424344	1213142314232434
1121223134243434	1212133441223344
1121223134243434	1213122431324344
1121223134243434	1213243411223344
1121223134243434	1213241321324344
1121223134342344	1213122431324434
1121223134342344	1213241321324434
1121223134342344	1213141222334434
1121223142334344	1213241312233444
1121223142334344	1213121223344434
1121223142334344	1212121334432434
1121223142334344	1212133442132434
1121223142334344	1112233442132434
1121223142334344	1213243112233444
1121223142334344	1213211223344434
1121223142334344	1211122334432434
1121223142334344	1212121334342434
1121223142334344	1212133424132434
1121223142334344	1213241312243434
1121223142334344	1213121224343434
1121223142334344	1212132314342434
1121223142334344	1213231424132434
1121223142334344	1213142312243434
1121223142334344	1213231214342434
1121223142334344	1213121434232434
1121223142334344	1212133423142434
1121223142334344	1213241314232434
1121223142334344	1213121423243434
1121223142334344	1212132334142434
1121223142334344	1213231414232434
1121223142334344	1213141223243434
1121223142334344	1213122314342434
1121223142334344	1212131434232434
1121223142334344	1213142323142434
1121223142334344	1213231214243434
1121223142334344	1213121423342434
1121223142334344	1212132413342434
1121223142334344	1213241324132434
1121223142334344	1213122413243434
1121223142334344	1212131324342434
1121223142334344	1213122434132434
1121223142334344	1212133412243434
1121223142334344	1213241213342434
1121223142334344	1213121324243434
1121223142334344	1212132434132434
1121223142334344	1213243412132434
1121223142334344	1213241213243434
1121223142334344	1213121324342434
1121223142334344	1212131324243434
1121223142334344	1213122413342434
1121223142334344	1212131423342434
1121223142334344	1213142324132434
1121223142334344	1213231412243434
1121223142334344	1213141223342434
1121223142334344	1213122334142434
1121223142334344	1212133414232434
1121223142334344	1213241323142434
1121223142334344	1213122314243434
1121223142334344	1213231423142434
1121223142334344	1213142314232434
1121223142343434	1212131324423344
1121223341234344	1212121334432434
1121223341234344	1211122334432434
1121223341243434	1212131324423344
1121223341243434	1212133414223344
1121223341243434	1213122413324344
1121223341342344	1213122413324434
1121223413243434	1213243121324344
1121223413342344	1213243121324434
1121223413342344	1213241122334434
1121223413342344	1213122132434434
1121231324234344	1213112233442434
1121231324342344	1213212132434434
1121231342423434	1212113324243344
1121231342423434	1213213214243344
1121231342423434	1213114223243344
1121231342423434	1213214312243344
1121231342423434	1213214213243344
1121231342423434	1213112224343344
1121231423342344	1213212132434434
1121232314234344	1213112233442434
1121234123434234	1213211432233444
1121234132324344	1213211223344434
1121234134234234	1213211422333444
1121234231423344	1213211223344434
1121234233412344	1213211223344434
1121314234232434	1212133441223344
1121314234232434	1213122431324344
1121314234232434	1213243411223344
1121314234232434	1213241321324344
1121323142324344	1213241312233444
1121323142324344	1213121223344434
1121323142324344	1212121334432434
1121323142324344	1212133442132434
1121323142324344	1112233442132434
1121323142324344	1213243112233444
1121323142324344	1213211223344434
1121323142324344	1211122334432434
1121323142324344	1212121334342434
1121323142324344	1212133424132434
1121323142324344	1213241312243434
1121323142324344	1213121224343434
1121323142324344	1212132314342434
1121323142324344	1213231424132434
1121323142324344	1213142312243434
1121323142324344	1213231214342434
1121323142324344	1213121434232434
1121323142324344	1212133423142434
1121323142324344	1213241314232434
1121323142324344	1213121423243434
1121323142324344	1212132334142434
1121323142324344	1213231414232434
1121323142324344	1213141223243434
1121323142324344	1213122314342434
1121323142324344	1212131434232434
1121323142324344	1213142323142434
1121323142324344	1213231214243434
1121323142324344	1213121423342434
1121323142324344	1212132413342434
1121323142324344	1213241324132434
1121323142324344	1213122413243434
1121323142324344	1212131324342434
1121323142324344	1213122434132434
1121323142324344	1212133412243434
1121323142324344	1213241213342434
1121323142324344	1213121324243434
1121323142324344	1212132434132434
1121323142324344	1213243412132434
1121323142324344	1213241213243434
1121323142324344	1213121324342434
1121323142324344	1212131324243434
1121323142324344	1213122413342434
1121323142324344	1212131423342434
1121323142324344	1213142324132434
1121323142324344	1213231412243434
1121323142324344	1213141223342434
1121323142324344	1213122334142434
1121323142324344	1212133414232434
1121323142324344	1213241323142434
1121323142324344	1213122314243434
1121323142324344	1213231423142434
1121323142324344	1213142314232434
1121323142342344	1213122413324434
1121323142342434	1212131324423344
1123123412423434	1211322143243344
1123412341234234	1211132224333444
