class_index	representative_index_a	representative_index_b	w_global_index_a	w_word_a	transpose_word_a	value_a	status_a	double_trident_a	warning_a	active_term_count_a	discharged_term_count_a	elapsed_sec_a	w_global_index_b	w_word_b	transpose_word_b	value_b	status_b	double_trident_b	warning_b	active_term_count_b	discharged_term_count_b	elapsed_sec_b	double_trident_profile
1	1	1522	1	1111222233334444	1234123412341234	1	fallback_evaluated_by_x_component_coloring	no	WARNING: stored as <W,X>, but computed in reversed order <X,W>	1	12	141.879	11751	1123412341234234	1211132224333444	-1	fallback_evaluated_by_x_component_coloring	no		1	12	23.336	neither
2	4	1381	4	1111222233344434	1234123412312344	-1	fallback_evaluated_by_x_component_coloring	no		1	0	4.289	3264	1112341234234234	1231114222333444	1	fallback_evaluated_by_x_component_coloring	no		1	9	13.838	neither
3	7	1380	7	1111222233434434	1234123412132344	-1	fallback_evaluated_by_x_component_coloring	no		1	1	1.008	3263	1112341234232434	1231114222334344	1	fallback_evaluated_by_x_component_coloring	no		1	8	11.235	neither
4	8	1492	8	1111222233443344	1234123412123434	1	fallback_evaluated_by_x_component_coloring	no		1	0	0.705	5067	1121234123434234	1213211432233444	-1	fallback_evaluated_by_x_component_coloring	no		1	8	9.323	neither
5	12	1317	12	1111222234334434	1234123411232344	1	fallback_evaluated_by_x_component_coloring	no		1	1	0.140	3045	1112323441234234	1231122124333444	-1	fallback_evaluated_by_x_component_coloring	no		1	7	6.367	neither
6	13	1156	13	1111222234343344	1234123411223434	1	fallback_evaluated_by_x_component_coloring	no		1	1	0.061	2235	1112234341234234	1231211224333444	-1	fallback_evaluated_by_x_component_coloring	no		1	7	6.162	neither
7	14	1089	14	1111222234343434	1234123411223344	1	fallback_evaluated_by_x_component_coloring	no		1	2	0.026	2067	1112233441234234	1231212124333444	-1	fallback_evaluated_by_x_component_coloring	no		1	6	3.469	neither
8	16	1487	17	1111222323344344	1234123142312434	-1	fallback_evaluated_by_x_component_coloring	no		1	2	3.962	4985	1121233412342344	1213212143324434	1	fallback_evaluated_by_x_component_coloring	no		1	9	13.816	neither
9	17	1378	18	1111222323344434	1234123142312344	-1	fallback_evaluated_by_x_component_coloring	no		1	1	0.408	3259	1112341232434234	1231114223233444	1	fallback_evaluated_by_x_component_coloring	no		1	8	9.678	neither
10	18	1297	19	1111222323433444	1234123142134234	-1	fallback_evaluated_by_x_component_coloring	no		1	2	4.084	2993	1112323412342344	1231122143324434	1	fallback_evaluated_by_x_component_coloring	no		1	9	14.401	neither
11	19	1062	20	1111222323434344	1234123142132434	-1	fallback_evaluated_by_x_component_coloring	no		1	3	1.142	2015	1112233412342344	1231212143324434	1	fallback_evaluated_by_x_component_coloring	no		1	8	9.103	neither
12	20	1144	21	1111222323434434	1234123142132344	-1	fallback_evaluated_by_x_component_coloring	no		1	2	0.116	2183	1112234312342344	1231211243324434	1	fallback_evaluated_by_x_component_coloring	no		1	7	7.618	neither
13	25	1377	26	1111222324334434	1234123141232344	1	fallback_evaluated_by_x_component_coloring	no		1	2	0.095	3256	1112341232423434	1231114223243344	-1	fallback_evaluated_by_x_component_coloring	no		1	7	7.895	neither
14	26	1458	27	1111222324343344	1234123141223434	1	fallback_evaluated_by_x_component_coloring	no		1	2	0.060	4439	1121223434123434	1213231122443344	-1	fallback_evaluated_by_x_component_coloring	no		1	7	7.386	neither
15	27	1376	28	1111222324343434	1234123141223344	1	fallback_evaluated_by_x_component_coloring	no		1	3	0.078	3255	1112341232423344	1231114223243434	-1	fallback_evaluated_by_x_component_coloring	no		1	6	4.267	neither
16	29	1326	31	1111222332344344	1234123124312434	1	fallback_evaluated_by_x_component_coloring	no		1	2	0.522	3072	1112324123423434	1231121432243344	-1	fallback_evaluated_by_x_component_coloring	no		1	8	8.812	neither
17	31	1521	33	1111222332433444	1234123124134234	1	fallback_evaluated_by_x_component_coloring	yes	WARNING: 3-strand relation used	3	3	7.685	9795	1123123412423434	1211322143243344	-1	fallback_evaluated_by_x_component_coloring	no		1	9	12.151	first_orientation_only
18	33	1374	35	1111222332434434	1234123124132344	1	fallback_evaluated_by_x_component_coloring	no		2	1	0.132	3253	1112341232342434	1231114223324344	-1	fallback_evaluated_by_x_component_coloring	no		1	7	6.539	neither
19	35	1373	37	1111222332443434	1234123124123344	-1	fallback_evaluated_by_x_component_coloring	no		2	1	0.211	3252	1112341232342344	1231114223324434	1	fallback_evaluated_by_x_component_coloring	no		1	7	7.039	neither
20	37	1198	42	1111222333423444	1234123123144234	-1	fallback_evaluated_by_x_component_coloring	no		1	2	0.510	2358	1112312342342344	1231142213324434	1	fallback_evaluated_by_x_component_coloring	no		1	8	9.599	neither
21	38	1502	43	1111222333424344	1234123123142434	1	fallback_evaluated_by_x_component_coloring	no		1	2	0.597	5136	1121234234123344	1213211322443434	-1	fallback_evaluated_by_x_component_coloring	no		1	8	10.130	neither
22	39	1404	44	1111222333424434	1234123123142344	1	fallback_evaluated_by_x_component_coloring	no		1	1	0.602	3422	1112342341232434	1231112224334344	-1	fallback_evaluated_by_x_component_coloring	no		1	8	10.334	neither
23	40	574	45	1111222333442344	1234123123124434	-1	fallback_evaluated_by_x_component_coloring	no		1	2	0.103	690	1112123423423434	1231421132243344	1	fallback_evaluated_by_x_component_coloring	no		1	7	8.011	neither
24	42	407	47	1111222333444234	1234123123123444	-1	fallback_evaluated_by_x_component_coloring	no		1	0	0.030	462	1111234234234234	1234111222333444	1	fallback_evaluated_by_x_component_coloring	no		1	6	4.469	neither
25	43	1459	48	1111222334233444	1234123121434234	1	fallback_evaluated_by_x_component_coloring	yes	WARNING: 3-strand relation used	2	5	0.741	4481	1121231234234344	1213214321432434	-1	fallback_evaluated_by_x_component_coloring	no		1	8	9.025	first_orientation_only
26	44	903	49	1111222334234344	1234123121432434	1	fallback_evaluated_by_x_component_coloring	no		1	4	0.636	1511	1112231234234344	1231214321432434	-1	fallback_evaluated_by_x_component_coloring	no		1	7	5.709	neither
27	45	1241	50	1111222334234434	1234123121432344	1	fallback_evaluated_by_x_component_coloring	no		1	3	0.068	2489	1112321234234344	1231124321432434	-1	fallback_evaluated_by_x_component_coloring	no		1	6	2.966	neither
28	47	1372	52	1111222334243434	1234123121423344	-1	fallback_evaluated_by_x_component_coloring	no		2	2	0.079	3250	1112341232324344	1231114223342434	1	fallback_evaluated_by_x_component_coloring	no		1	6	3.230	neither
29	51	573	56	1111222334342344	1234123121324434	-1	fallback_evaluated_by_x_component_coloring	no		1	3	0.047	689	1112123423423344	1231421132243434	1	fallback_evaluated_by_x_component_coloring	no		2	5	5.639	neither
30	53	406	58	1111222334344234	1234123121323444	-1	fallback_evaluated_by_x_component_coloring	no		1	1	0.011	461	1111234234232434	1234111222334344	1	fallback_evaluated_by_x_component_coloring	no		1	5	1.601	neither
31	54	1415	59	1111222334423344	1234123121243434	1	fallback_evaluated_by_x_component_coloring	no		2	1	0.028	3962	1121212342343434	1213243114223344	-1	fallback_evaluated_by_x_component_coloring	no		1	6	2.913	neither
32	55	756	60	1111222334423434	1234123121243344	1	fallback_evaluated_by_x_component_coloring	no		1	3	0.061	992	1112212342343434	1231243114223344	-1	fallback_evaluated_by_x_component_coloring	no		1	5	1.012	neither
33	57	1407	62	1111222334432434	1234123121234344	1	fallback_evaluated_by_x_component_coloring	no		1	0	0.005	3429	1112342342312344	1231112223344434	-1	fallback_evaluated_by_x_component_coloring	no		1	5	1.521	neither
34	61	1020	66	1111222342334434	1234123114232344	1	fallback_evaluated_by_x_component_coloring	no		1	3	0.053	1797	1112232344123434	1231213212443344	-1	fallback_evaluated_by_x_component_coloring	no		1	6	3.874	neither
35	62	891	67	1111222342343344	1234123114223434	1	fallback_evaluated_by_x_component_coloring	no		1	3	0.050	1469	1112223434123434	1231231122443344	-1	fallback_evaluated_by_x_component_coloring	no		1	6	3.831	neither
36	63	869	68	1111222342343434	1234123114223344	1	fallback_evaluated_by_x_component_coloring	no		1	4	0.211	1413	1112223344123434	1231231212443344	-1	fallback_evaluated_by_x_component_coloring	no		1	5	1.856	neither
37	64	1350	69	1111222343233444	1234123112434234	1	fallback_evaluated_by_x_component_coloring	no		1	2	0.048	3145	1112324234123434	1231121322443344	-1	fallback_evaluated_by_x_component_coloring	no		1	7	5.259	neither
38	65	904	70	1111222343234344	1234123112432434	1	fallback_evaluated_by_x_component_coloring	no		1	3	0.035	1512	1112231234234434	1231214321432344	-1	fallback_evaluated_by_x_component_coloring	no		1	6	4.072	neither
39	70	1399	75	1111222343324344	1234123112342434	-1	fallback_evaluated_by_x_component_coloring	no		1	1	0.008	3411	1112342324123434	1231112232443344	1	fallback_evaluated_by_x_component_coloring	no		1	6	4.643	neither
40	72	575	77	1111222343342344	1234123112324434	-1	fallback_evaluated_by_x_component_coloring	no		1	2	0.007	691	1112123423432344	1231421132234434	1	fallback_evaluated_by_x_component_coloring	no		1	5	1.306	neither
41	76	755	81	1111222343423434	1234123112243344	1	fallback_evaluated_by_x_component_coloring	no		1	4	0.778	991	1112212342343344	1231243114223434	-1	fallback_evaluated_by_x_component_coloring	no		1	4	0.111	neither
42	78	1158	83	1111222343432434	1234123112234344	1	fallback_evaluated_by_x_component_coloring	no		1	1	0.003	2237	1112234342123434	1231211223443344	-1	fallback_evaluated_by_x_component_coloring	no		1	4	0.161	neither
43	80	1511	86	1111223223343444	1234121342314234	-1	fallback_evaluated_by_x_component_coloring	no		1	2	3.328	5964	1121323412342434	1213122143324344	1	fallback_evaluated_by_x_component_coloring	no		1	9	14.717	neither
44	88	1494	95	1111223224334344	1234121341232434	1	fallback_evaluated_by_x_component_coloring	no		1	2	0.679	5076	1121234132342344	1213211423324434	-1	fallback_evaluated_by_x_component_coloring	no		2	7	9.659	neither
45	89	1370	96	1111223224334434	1234121341232344	-1	fallback_evaluated_by_x_component_coloring	no		1	2	0.118	3240	1112341223423434	1231114232243344	1	fallback_evaluated_by_x_component_coloring	no		1	7	8.333	neither
46	91	1369	98	1111223224343434	1234121341223344	-1	fallback_evaluated_by_x_component_coloring	no		1	3	0.062	3239	1112341223423344	1231114232243434	1	fallback_evaluated_by_x_component_coloring	no		1	6	3.509	neither
47	93	1325	101	1111223232344344	1234121324312434	1	fallback_evaluated_by_x_component_coloring	no		1	3	0.081	3071	1112324123423344	1231121432243434	-1	fallback_evaluated_by_x_component_coloring	no		1	7	5.256	neither
48	97	1367	105	1111223232434434	1234121324132344	1	fallback_evaluated_by_x_component_coloring	no		2	2	0.079	3237	1112341223342434	1231114232324344	-1	fallback_evaluated_by_x_component_coloring	no		1	6	3.108	neither
49	99	1366	107	1111223232443434	1234121324123344	-1	fallback_evaluated_by_x_component_coloring	no		2	2	0.094	3236	1112341223342344	1231114232324434	1	fallback_evaluated_by_x_component_coloring	no		1	6	2.889	neither
50	100	1513	109	1111223233243444	1234121323414234	-1	fallback_evaluated_by_x_component_coloring	no		1	2	0.266	5975	1121323414234234	1213122142333444	1	fallback_evaluated_by_x_component_coloring	no		1	8	10.816	neither
51	101	1500	110	1111223233244344	1234121323412434	1	fallback_evaluated_by_x_component_coloring	no		1	2	0.328	5122	1121234231423434	1213211324243344	-1	fallback_evaluated_by_x_component_coloring	yes	WARNING: 3-strand relation used	1	11	3.904	second_orientation_only
52	102	1393	111	1111223233244434	1234121323412344	1	fallback_evaluated_by_x_component_coloring	no		1	1	0.445	3383	1112342314234234	1231112242333444	-1	fallback_evaluated_by_x_component_coloring	yes	WARNING: 3-strand relation used	1	11	4.188	second_orientation_only
53	103	1196	112	1111223233423444	1234121323144234	-1	fallback_evaluated_by_x_component_coloring	no		1	3	0.084	2356	1112312342324344	1231142213342434	1	fallback_evaluated_by_x_component_coloring	yes	WARNING: 3-strand relation used	1	10	1.667	second_orientation_only
54	104	1499	113	1111223233424344	1234121323142434	1	fallback_evaluated_by_x_component_coloring	no		1	3	0.096	5121	1121234231423344	1213211324243434	-1	fallback_evaluated_by_x_component_coloring	yes	WARNING: 3-strand relation used	1	10	1.811	second_orientation_only
55	105	1392	114	1111223233424434	1234121323142344	1	fallback_evaluated_by_x_component_coloring	no		1	2	0.072	3382	1112342314232434	1231112242334344	-1	fallback_evaluated_by_x_component_coloring	yes	WARNING: 3-strand relation used	1	10	1.537	second_orientation_only
56	106	566	115	1111223233442344	1234121323124434	-1	fallback_evaluated_by_x_component_coloring	no		1	3	0.044	682	1112123423243434	1231421132423344	1	fallback_evaluated_by_x_component_coloring	yes	WARNING: 3-strand relation used	1	9	0.278	second_orientation_only
57	108	402	117	1111223233444234	1234121323123444	-1	fallback_evaluated_by_x_component_coloring	no		1	1	0.006	457	1111234232434234	1234111223233444	1	fallback_evaluated_by_x_component_coloring	no		1	5	2.293	neither
58	116	1308	125	1111223234324434	1234121321342344	-1	fallback_evaluated_by_x_component_coloring	no		1	2	0.016	3007	1112323421234344	1231122134432434	1	fallback_evaluated_by_x_component_coloring	no		1	6	3.212	neither
59	117	565	126	1111223234342344	1234121321324434	-1	fallback_evaluated_by_x_component_coloring	no		1	4	0.252	681	1112123423243344	1231421132423434	1	fallback_evaluated_by_x_component_coloring	yes	WARNING: 3-strand relation used	1	8	0.069	second_orientation_only
60	118	1075	127	1111223234342434	1234121321324344	-1	fallback_evaluated_by_x_component_coloring	no		1	3	0.052	2029	1112233421234344	1231212134432434	1	fallback_evaluated_by_x_component_coloring	no		1	5	1.837	neither
61	119	401	128	1111223234344234	1234121321323444	-1	fallback_evaluated_by_x_component_coloring	no		1	2	0.009	456	1111234232432434	1234111223234344	1	fallback_evaluated_by_x_component_coloring	no		1	4	0.516	neither
62	120	1341	129	1111223234423344	1234121321243434	1	fallback_evaluated_by_x_component_coloring	no		2	2	0.108	3119	1112324231234344	1231121324432434	-1	fallback_evaluated_by_x_component_coloring	no		1	5	0.876	neither
63	121	754	130	1111223234423434	1234121321243344	1	fallback_evaluated_by_x_component_coloring	no		1	4	0.825	990	1112212342334434	1231243114232344	-1	fallback_evaluated_by_x_component_coloring	no		1	4	0.103	neither
64	125	1506	134	1111223242333444	1234121314234234	1	fallback_evaluated_by_x_component_coloring	no		1	2	0.502	5424	1121314234234234	1213141222333444	-1	fallback_evaluated_by_x_component_coloring	no		1	8	10.810	neither
65	126	1493	135	1111223242334344	1234121314232434	1	fallback_evaluated_by_x_component_coloring	no		1	3	0.154	5074	1121234132324344	1213211423342434	-1	fallback_evaluated_by_x_component_coloring	no		2	7	7.576	neither
66	127	1365	136	1111223242334434	1234121314232344	-1	fallback_evaluated_by_x_component_coloring	no		1	3	0.055	3232	1112341223243434	1231114232423344	1	fallback_evaluated_by_x_component_coloring	no		1	6	3.790	neither
67	130	1460	139	1111223243233444	1234121312434234	-1	fallback_evaluated_by_x_component_coloring	no		1	2	0.054	4484	1121231234243434	1213214321423344	1	fallback_evaluated_by_x_component_coloring	no		2	6	7.705	neither
68	131	906	140	1111223243234344	1234121312432434	-1	fallback_evaluated_by_x_component_coloring	no		1	3	0.042	1514	1112231234243434	1231214321423344	1	fallback_evaluated_by_x_component_coloring	no		2	5	5.086	neither
69	134	1364	143	1111223243243434	1234121312423344	1	fallback_evaluated_by_x_component_coloring	yes	WARNING: 3-strand relation used	2	6	0.025	3229	1112341223234344	1231114232432434	-1	fallback_evaluated_by_x_component_coloring	no		1	5	1.028	first_orientation_only
70	136	1501	145	1111223243324344	1234121312342434	-1	fallback_evaluated_by_x_component_coloring	no		1	2	0.018	5132	1121234233412344	1213211323244434	1	fallback_evaluated_by_x_component_coloring	no		1	6	4.095	neither
71	138	1398	148	1111223243342434	1234121312324344	-1	fallback_evaluated_by_x_component_coloring	no		1	2	0.010	3410	1112342324123344	1231112232443434	1	fallback_evaluated_by_x_component_coloring	no		1	5	1.442	neither
72	139	399	149	1111223243344234	1234121312323444	1	fallback_evaluated_by_x_component_coloring	no		1	2	0.006	454	1111234232423434	1234111223243344	-1	fallback_evaluated_by_x_component_coloring	no		1	4	0.211	neither
73	142	571	152	1111223243432344	1234121312234434	1	fallback_evaluated_by_x_component_coloring	no		1	3	0.047	687	1112123423342434	1231421132324344	-1	fallback_evaluated_by_x_component_coloring	no		1	4	0.168	neither
74	144	398	154	1111223243434234	1234121312233444	1	fallback_evaluated_by_x_component_coloring	no		1	3	0.054	453	1111234232423344	1234111223243434	-1	fallback_evaluated_by_x_component_coloring	no		1	3	0.037	neither
75	145	1103	156	1111223322343444	1234121234314234	1	fallback_evaluated_by_x_component_coloring	no		1	1	0.037	2097	1112234123434234	1231211432233444	-1	fallback_evaluated_by_x_component_coloring	no		1	7	5.716	neither
76	146	1328	157	1111223322344344	1234121234312434	-1	fallback_evaluated_by_x_component_coloring	no		1	1	0.054	3075	1112324123434234	1231121432233444	1	fallback_evaluated_by_x_component_coloring	no		1	7	5.414	neither
77	148	1451	165	1111223323243444	1234121233414234	1	fallback_evaluated_by_x_component_coloring	no		1	2	0.045	4395	1121223412343434	1213231144223344	-1	fallback_evaluated_by_x_component_coloring	no		1	7	7.363	neither
78	149	1485	166	1111223323244344	1234121233412434	-1	fallback_evaluated_by_x_component_coloring	no		1	2	0.056	4779	1121232412343434	1213213144223344	1	fallback_evaluated_by_x_component_coloring	no		1	7	6.030	neither
79	151	873	168	1111223323423444	1234121233144234	1	fallback_evaluated_by_x_component_coloring	no		1	3	0.038	1425	1112223412343434	1231231144223344	-1	fallback_evaluated_by_x_component_coloring	no		1	6	3.491	neither
80	152	1024	169	1111223323424344	1234121233142434	-1	fallback_evaluated_by_x_component_coloring	no		1	3	0.036	1809	1112232412343434	1231213144223344	1	fallback_evaluated_by_x_component_coloring	no		1	6	3.609	neither
81	155	1340	172	1111223323442434	1234121233124344	1	fallback_evaluated_by_x_component_coloring	no		1	2	0.007	3101	1112324212343434	1231121344223344	-1	fallback_evaluated_by_x_component_coloring	no		1	5	1.104	neither
82	157	1461	174	1111223324233444	1234121231434234	-1	fallback_evaluated_by_x_component_coloring	no		2	1	0.113	4488	1121231234342344	1213214321324434	1	fallback_evaluated_by_x_component_coloring	no		1	7	5.874	neither
83	158	908	175	1111223324234344	1234121231432434	-1	fallback_evaluated_by_x_component_coloring	no		1	3	0.050	1518	1112231234342344	1231214321324434	1	fallback_evaluated_by_x_component_coloring	no		1	6	3.415	neither
84	160	1476	177	1111223324243344	1234121231423434	1	fallback_evaluated_by_x_component_coloring	no		1	1	0.069	4593	1121231423434234	1213214132233444	-1	fallback_evaluated_by_x_component_coloring	no		1	7	5.723	neither
85	162	1202	179	1111223324323444	1234121231344234	1	fallback_evaluated_by_x_component_coloring	no		2	1	0.016	2362	1112312342423434	1231142213243344	-1	fallback_evaluated_by_x_component_coloring	no		1	6	3.699	neither
86	165	563	182	1111223324342344	1234121231324434	1	fallback_evaluated_by_x_component_coloring	no		1	4	0.530	679	1112123423234344	1231421132432434	-1	fallback_evaluated_by_x_component_coloring	no		1	5	1.193	neither
87	167	396	184	1111223324344234	1234121231323444	1	fallback_evaluated_by_x_component_coloring	no		1	2	0.009	451	1111234232342434	1234111223324344	-1	fallback_evaluated_by_x_component_coloring	no		1	4	0.223	neither
88	170	590	187	1111223324432344	1234121231234434	-1	fallback_evaluated_by_x_component_coloring	no		1	0	0.007	714	1112123434234234	1231421122333444	1	fallback_evaluated_by_x_component_coloring	no		1	5	1.390	neither
89	172	395	189	1111223324434234	1234121231233444	-1	fallback_evaluated_by_x_component_coloring	no		1	2	0.008	450	1111234232342344	1234111223324434	1	fallback_evaluated_by_x_component_coloring	no		1	4	0.203	neither
90	173	1439	190	1111223342233444	1234121213434234	1	fallback_evaluated_by_x_component_coloring	no		2	1	0.026	4146	1121213434234234	1213241122333444	-1	fallback_evaluated_by_x_component_coloring	no		1	6	3.112	neither
91	175	1245	192	1111223342234434	1234121213432344	1	fallback_evaluated_by_x_component_coloring	no		1	2	0.007	2497	1112321234342434	1231124321324344	-1	fallback_evaluated_by_x_component_coloring	no		1	5	2.400	neither
92	177	1383	194	1111223342243434	1234121213423344	-1	fallback_evaluated_by_x_component_coloring	no		1	2	0.010	3364	1112342312234344	1231112243432434	1	fallback_evaluated_by_x_component_coloring	no		2	4	3.044	neither
93	178	1201	195	1111223342323444	1234121213344234	1	fallback_evaluated_by_x_component_coloring	no		2	2	0.067	2361	1112312342423344	1231142213243434	-1	fallback_evaluated_by_x_component_coloring	no		1	5	1.192	neither
94	181	562	198	1111223342342344	1234121213324434	1	fallback_evaluated_by_x_component_coloring	no		1	5	2.242	678	1112123423233444	1231421132434234	-1	fallback_evaluated_by_x_component_coloring	no		1	4	0.221	neither
95	182	976	199	1111223342342434	1234121213324344	1	fallback_evaluated_by_x_component_coloring	no		1	4	0.505	1650	1112232123434344	1231213442132434	-1	fallback_evaluated_by_x_component_coloring	no		1	4	0.193	neither
96	183	394	200	1111223342344234	1234121213323444	1	fallback_evaluated_by_x_component_coloring	no		1	3	0.024	449	1111234232324434	1234111223342344	-1	fallback_evaluated_by_x_component_coloring	no		1	3	0.032	neither
97	186	589	203	1111223342432344	1234121213234434	-1	fallback_evaluated_by_x_component_coloring	no		1	1	0.002	713	1112123434232434	1231421122334344	1	fallback_evaluated_by_x_component_coloring	no		1	4	0.219	neither
98	188	393	205	1111223342434234	1234121213233444	-1	fallback_evaluated_by_x_component_coloring	no		1	3	0.033	448	1111234232324344	1234111223342434	1	fallback_evaluated_by_x_component_coloring	no		1	3	0.052	neither
99	189	1418	206	1111223344223344	1234121212343434	1	fallback_evaluated_by_x_component_coloring	no		1	0	0.005	3978	1121212343434234	1213243112233444	-1	fallback_evaluated_by_x_component_coloring	no		1	4	0.187	neither
100	190	766	207	1111223344223434	1234121212343344	1	fallback_evaluated_by_x_component_coloring	no		1	1	0.004	1008	1112212343434234	1231243112233444	-1	fallback_evaluated_by_x_component_coloring	no		1	3	0.023	neither
101	192	1395	209	1111223344232434	1234121212334344	1	fallback_evaluated_by_x_component_coloring	no		1	2	0.008	3401	1112342323124344	1231112233442434	-1	fallback_evaluated_by_x_component_coloring	no		1	3	0.035	neither
102	196	1284	213	1111223422334434	1234121134232344	1	fallback_evaluated_by_x_component_coloring	no		1	3	0.031	2946	1112323234412344	1231122331244434	-1	fallback_evaluated_by_x_component_coloring	no		1	5	0.957	neither
103	197	1262	214	1111223422343344	1234121134223434	1	fallback_evaluated_by_x_component_coloring	no		1	3	0.027	2770	1112322343412344	1231123213244434	-1	fallback_evaluated_by_x_component_coloring	no		1	5	0.998	neither
104	198	1042	215	1111223422343434	1234121134223344	1	fallback_evaluated_by_x_component_coloring	no		1	4	0.173	1876	1112233123424434	1231212433142344	-1	fallback_evaluated_by_x_component_coloring	no		1	4	0.100	neither
105	200	905	217	1111223423234344	1234121132432434	-1	fallback_evaluated_by_x_component_coloring	no		1	4	0.203	1513	1112231234243344	1231214321423434	1	fallback_evaluated_by_x_component_coloring	no		2	4	3.282	neither
106	201	1056	218	1111223423234434	1234121132432344	1	fallback_evaluated_by_x_component_coloring	no		1	4	0.209	1968	1112233234412344	1231212331244434	-1	fallback_evaluated_by_x_component_coloring	no		1	4	0.100	neither
107	205	1137	222	1111223423324344	1234121132342434	-1	fallback_evaluated_by_x_component_coloring	no		1	3	0.033	2162	1112234233412344	1231211323244434	1	fallback_evaluated_by_x_component_coloring	no		1	5	1.672	neither
108	209	391	226	1111223423344234	1234121132323444	1	fallback_evaluated_by_x_component_coloring	no		1	3	0.021	446	1111234232243434	1234111223423344	-1	fallback_evaluated_by_x_component_coloring	no		1	3	0.037	neither
109	212	569	229	1111223423432344	1234121132234434	1	fallback_evaluated_by_x_component_coloring	no		1	4	0.221	685	1112123423324434	1231421132342344	-1	fallback_evaluated_by_x_component_coloring	no		1	3	0.033	neither
110	213	893	230	1111223423432434	1234121132234344	1	fallback_evaluated_by_x_component_coloring	no		1	3	0.026	1473	1112223434312344	1231231122344434	-1	fallback_evaluated_by_x_component_coloring	no		1	3	0.030	neither
111	214	390	231	1111223423434234	1234121132233444	1	fallback_evaluated_by_x_component_coloring	no		1	4	0.260	445	1111234232243344	1234111223423434	-1	fallback_evaluated_by_x_component_coloring	no		1	2	0.004	neither
112	216	1246	234	1111223432234434	1234121123432344	1	fallback_evaluated_by_x_component_coloring	no		1	1	0.003	2498	1112321234344234	1231124321323444	-1	fallback_evaluated_by_x_component_coloring	no		1	4	0.111	neither
113	217	1203	237	1111223432323444	1234121123344234	1	fallback_evaluated_by_x_component_coloring	no		1	2	0.006	2363	1112312342432344	1231142213234434	-1	fallback_evaluated_by_x_component_coloring	no		1	4	0.145	neither
114	219	1352	239	1111223432324434	1234121123342344	1	fallback_evaluated_by_x_component_coloring	no		1	2	0.004	3149	1112324234312344	1231121322344434	-1	fallback_evaluated_by_x_component_coloring	no		1	4	0.139	neither
115	220	567	240	1111223432342344	1234121123324434	1	fallback_evaluated_by_x_component_coloring	no		1	4	0.188	683	1112123423323444	1231421132344234	-1	fallback_evaluated_by_x_component_coloring	no		1	3	0.031	neither
116	221	977	241	1111223432342434	1234121123324344	1	fallback_evaluated_by_x_component_coloring	no		1	3	0.018	1651	1112232123434434	1231213442132344	-1	fallback_evaluated_by_x_component_coloring	no		1	3	0.026	neither
117	228	1160	248	1111223434223344	1234121122343434	1	fallback_evaluated_by_x_component_coloring	no		1	1	0.002	2241	1112234342312344	1231211223344434	-1	fallback_evaluated_by_x_component_coloring	no		1	3	0.030	neither
118	229	765	249	1111223434223434	1234121122343344	1	fallback_evaluated_by_x_component_coloring	no		1	2	0.005	1007	1112212343432434	1231243112234344	-1	fallback_evaluated_by_x_component_coloring	no		1	2	0.006	neither
119	235	1146	259	1111232223434434	1234112342132344	1	fallback_evaluated_by_x_component_coloring	no		1	1	0.008	2185	1112234312344234	1231211243323444	-1	fallback_evaluated_by_x_component_coloring	no		1	6	2.547	neither
120	236	1355	261	1111232223443434	1234112342123344	-1	fallback_evaluated_by_x_component_coloring	no		1	1	0.012	3163	1112324312344234	1231121243323444	1	fallback_evaluated_by_x_component_coloring	no		1	6	2.669	neither
121	238	1327	269	1111232232344344	1234112324312434	1	fallback_evaluated_by_x_component_coloring	no		1	2	0.014	3073	1112324123432344	1231121432234434	-1	fallback_evaluated_by_x_component_coloring	no		1	6	2.478	neither
122	241	1332	273	1111232232434434	1234112324132344	1	fallback_evaluated_by_x_component_coloring	no		1	2	0.012	3086	1112324132344234	1231121423323444	-1	fallback_evaluated_by_x_component_coloring	no		1	6	2.565	neither
123	242	1324	275	1111232232443434	1234112324123344	-1	fallback_evaluated_by_x_component_coloring	no		1	2	0.015	3070	1112324123344234	1231121432323444	1	fallback_evaluated_by_x_component_coloring	no		1	6	2.418	neither
124	247	1274	282	1111232233424434	1234112323142344	-1	fallback_evaluated_by_x_component_coloring	no		1	2	0.015	2884	1112323142344234	1231122413323444	1	fallback_evaluated_by_x_component_coloring	no		1	6	3.669	neither
125	253	884	288	1111232234234434	1234112321432344	1	fallback_evaluated_by_x_component_coloring	no		1	3	0.032	1444	1112223431234434	1231231124432344	-1	fallback_evaluated_by_x_component_coloring	no		1	5	1.237	neither
126	254	1128	289	1111232234243344	1234112321423434	-1	fallback_evaluated_by_x_component_coloring	no		1	2	0.015	2142	1112234231234434	1231211324432344	1	fallback_evaluated_by_x_component_coloring	no		1	6	4.100	neither
127	255	1033	290	1111232234243434	1234112321423344	-1	fallback_evaluated_by_x_component_coloring	no		1	3	0.034	1828	1112232431234434	1231213124432344	1	fallback_evaluated_by_x_component_coloring	no		1	5	1.831	neither
128	256	1195	291	1111232234323444	1234112321344234	-1	fallback_evaluated_by_x_component_coloring	no		1	3	0.011	2352	1112312342234434	1231142213432344	1	fallback_evaluated_by_x_component_coloring	no		1	5	0.811	neither
129	257	1261	292	1111232234324344	1234112321342434	1	fallback_evaluated_by_x_component_coloring	no		1	3	0.025	2575	1112321342434234	1231124213233444	-1	fallback_evaluated_by_x_component_coloring	no		1	5	0.899	neither
130	264	582	299	1111232234432344	1234112321234434	1	fallback_evaluated_by_x_component_coloring	no		1	1	0.005	704	1112123432344234	1231421123323444	-1	fallback_evaluated_by_x_component_coloring	no		1	4	0.115	neither
131	268	1230	304	1111232242334434	1234112314232344	-1	fallback_evaluated_by_x_component_coloring	no		1	2	0.034	2444	1112314232344234	1231141223323444	1	fallback_evaluated_by_x_component_coloring	no		1	6	2.781	neither
132	269	1223	305	1111232242343344	1234112314223434	-1	fallback_evaluated_by_x_component_coloring	no		1	2	0.020	2433	1112314223434234	1231141232233444	1	fallback_evaluated_by_x_component_coloring	no		1	6	3.798	neither
133	270	1043	306	1111232242343434	1234112314223344	-1	fallback_evaluated_by_x_component_coloring	no		1	3	0.028	1877	1112233123442344	1231212433124434	1	fallback_evaluated_by_x_component_coloring	no		1	5	1.884	neither
134	271	1221	307	1111232243233444	1234112312434234	-1	fallback_evaluated_by_x_component_coloring	no		1	1	0.069	2412	1112312434234234	1231142122333444	1	fallback_evaluated_by_x_component_coloring	no		1	7	6.726	neither
135	274	1216	310	1111232243243344	1234112312423434	1	fallback_evaluated_by_x_component_coloring	yes	WARNING: 3-strand relation used	3	3	0.033	2391	1112312423434234	1231142132233444	-1	fallback_evaluated_by_x_component_coloring	no		1	6	3.086	first_orientation_only
136	275	1212	311	1111232243243434	1234112312423344	1	fallback_evaluated_by_x_component_coloring	yes	WARNING: 3-strand relation used	2	5	0.011	2386	1112312423344234	1231142132323444	-1	fallback_evaluated_by_x_component_coloring	no		1	5	0.897	first_orientation_only
137	276	1205	312	1111232243323444	1234112312344234	-1	fallback_evaluated_by_x_component_coloring	no		1	0	0.008	2370	1112312344234234	1231142212333444	1	fallback_evaluated_by_x_component_coloring	no		1	6	4.489	neither
138	277	580	315	1111232243342344	1234112312324434	-1	fallback_evaluated_by_x_component_coloring	no		1	2	0.006	702	1112123432342344	1231421123324434	1	fallback_evaluated_by_x_component_coloring	no		1	5	1.290	neither
139	279	383	317	1111232243344234	1234112312323444	-1	fallback_evaluated_by_x_component_coloring	no		1	2	0.009	438	1111234223423434	1234111232243344	1	fallback_evaluated_by_x_component_coloring	no		1	4	0.215	neither
140	280	1183	318	1111232243423344	1234112312243434	1	fallback_evaluated_by_x_component_coloring	no		2	2	0.055	2314	1112312243434234	1231142312233444	-1	fallback_evaluated_by_x_component_coloring	no		1	5	1.145	neither
141	281	757	319	1111232243423434	1234112312243344	1	fallback_evaluated_by_x_component_coloring	no		1	4	0.535	994	1112212343234344	1231243112432434	-1	fallback_evaluated_by_x_component_coloring	no		1	4	0.090	neither
142	283	1173	321	1111232243432434	1234112312234344	-1	fallback_evaluated_by_x_component_coloring	no		1	2	0.010	2288	1112312234344234	1231142321323444	1	fallback_evaluated_by_x_component_coloring	no		1	4	0.144	neither
143	284	382	322	1111232243434234	1234112312233444	-1	fallback_evaluated_by_x_component_coloring	no		1	3	0.053	437	1111234223423344	1234111232243434	1	fallback_evaluated_by_x_component_coloring	no		1	3	0.025	neither
144	285	1102	324	1111232322343444	1234112234314234	1	fallback_evaluated_by_x_component_coloring	no		1	2	0.009	2096	1112234123432434	1231211432234344	-1	fallback_evaluated_by_x_component_coloring	no		1	6	4.323	neither
145	286	1150	325	1111232322344344	1234112234312434	-1	fallback_evaluated_by_x_component_coloring	no		1	2	0.012	2190	1112234312434234	1231211243233444	1	fallback_evaluated_by_x_component_coloring	no		1	6	2.458	neither
146	289	1110	329	1111232322434434	1234112234132344	-1	fallback_evaluated_by_x_component_coloring	no		1	2	0.011	2108	1112234132344234	1231211423323444	1	fallback_evaluated_by_x_component_coloring	no		1	6	3.518	neither
147	290	1098	331	1111232322443434	1234112234123344	1	fallback_evaluated_by_x_component_coloring	no		1	2	0.015	2092	1112234123344234	1231211432323444	-1	fallback_evaluated_by_x_component_coloring	no		2	5	3.622	neither
148	293	872	336	1111232323423444	1234112233144234	1	fallback_evaluated_by_x_component_coloring	no		1	4	0.214	1424	1112223412343344	1231231144223434	-1	fallback_evaluated_by_x_component_coloring	no		1	5	1.772	neither
149	294	1023	337	1111232323424344	1234112233142434	-1	fallback_evaluated_by_x_component_coloring	no		1	4	0.205	1808	1112232412343344	1231213144223434	1	fallback_evaluated_by_x_component_coloring	no		1	5	1.946	neither
150	295	1053	338	1111232323424434	1234112233142344	-1	fallback_evaluated_by_x_component_coloring	no		1	3	0.032	1906	1112233142344234	1231212413323444	1	fallback_evaluated_by_x_component_coloring	no		1	5	1.857	neither
151	300	907	343	1111232324234344	1234112231432434	-1	fallback_evaluated_by_x_component_coloring	no		1	4	0.232	1516	1112231234324344	1231214321342434	1	fallback_evaluated_by_x_component_coloring	no		1	5	2.065	neither
152	301	970	344	1111232324234434	1234112231432344	-1	fallback_evaluated_by_x_component_coloring	no		1	3	0.033	1634	1112231432344234	1231214123323444	1	fallback_evaluated_by_x_component_coloring	no		1	5	1.356	neither
153	302	967	345	1111232324243344	1234112231423434	1	fallback_evaluated_by_x_component_coloring	no		1	2	0.014	1623	1112231423434234	1231214132233444	-1	fallback_evaluated_by_x_component_coloring	no		1	6	3.611	neither
154	303	962	346	1111232324243434	1234112231423344	1	fallback_evaluated_by_x_component_coloring	no		1	3	0.043	1618	1112231423344234	1231214132323444	-1	fallback_evaluated_by_x_component_coloring	no		2	4	1.749	neither
155	304	951	347	1111232324323444	1234112231344234	1	fallback_evaluated_by_x_component_coloring	no		2	2	0.052	1602	1112231344234234	1231214212333444	-1	fallback_evaluated_by_x_component_coloring	no		1	5	0.931	neither
156	306	945	349	1111232324324434	1234112231342344	1	fallback_evaluated_by_x_component_coloring	yes	WARNING: 3-strand relation used	2	5	0.011	1592	1112231342344234	1231214213323444	-1	fallback_evaluated_by_x_component_coloring	no		1	5	0.905	first_orientation_only
157	307	558	350	1111232324342344	1234112231324434	1	fallback_evaluated_by_x_component_coloring	no		1	5	3.050	674	1112123422334344	1231421134232434	-1	fallback_evaluated_by_x_component_coloring	no		1	4	0.137	neither
158	308	936	351	1111232324342434	1234112231324344	1	fallback_evaluated_by_x_component_coloring	no		2	3	0.719	1576	1112231324344234	1231214231323444	-1	fallback_evaluated_by_x_component_coloring	no		1	4	0.123	neither
159	309	380	352	1111232324344234	1234112231323444	1	fallback_evaluated_by_x_component_coloring	no		1	3	0.036	435	1111234223342434	1234111232324344	-1	fallback_evaluated_by_x_component_coloring	no		1	3	0.035	neither
160	312	585	355	1111232324432344	1234112231234434	-1	fallback_evaluated_by_x_component_coloring	no		1	1	0.002	709	1112123432434234	1231421123233444	1	fallback_evaluated_by_x_component_coloring	no		1	4	0.132	neither
161	313	379	357	1111232324434234	1234112231233444	-1	fallback_evaluated_by_x_component_coloring	no		1	3	0.035	434	1111234223342344	1234111232324434	1	fallback_evaluated_by_x_component_coloring	no		1	3	0.026	neither
162	314	855	358	1111232342233444	1234112213434234	1	fallback_evaluated_by_x_component_coloring	no		1	3	0.044	1176	1112213434234234	1231241122333444	-1	fallback_evaluated_by_x_component_coloring	no		1	5	1.024	neither
163	315	850	359	1111232342234344	1234112213432434	1	fallback_evaluated_by_x_component_coloring	no		1	4	0.175	1171	1112213432434234	1231241123233444	-1	fallback_evaluated_by_x_component_coloring	no		1	4	0.104	neither
164	319	828	363	1111232342323444	1234112213344234	1	fallback_evaluated_by_x_component_coloring	no		1	4	0.674	1134	1112213344234234	1231241212333444	-1	fallback_evaluated_by_x_component_coloring	no		1	4	0.095	neither
165	321	822	365	1111232342324434	1234112213342344	1	fallback_evaluated_by_x_component_coloring	yes	WARNING: 3-strand relation used	1	7	0.024	1124	1112213342344234	1231241213323444	-1	fallback_evaluated_by_x_component_coloring	no		1	4	0.094	first_orientation_only
166	322	557	366	1111232342342344	1234112213324434	1	fallback_evaluated_by_x_component_coloring	no		1	6	4.421	673	1112123422333444	1231421134234234	-1	fallback_evaluated_by_x_component_coloring	no		1	3	0.047	neither
167	323	813	367	1111232342342434	1234112213324344	1	fallback_evaluated_by_x_component_coloring	no		1	5	3.059	1108	1112213324344234	1231241231323444	-1	fallback_evaluated_by_x_component_coloring	no		1	3	0.021	neither
168	324	378	368	1111232342344234	1234112213323444	1	fallback_evaluated_by_x_component_coloring	no		1	4	0.195	433	1111234223324434	1234111232342344	-1	fallback_evaluated_by_x_component_coloring	no		1	2	0.010	neither
169	327	584	371	1111232342432344	1234112213234434	-1	fallback_evaluated_by_x_component_coloring	no		1	2	0.010	708	1112123432432434	1231421123234344	1	fallback_evaluated_by_x_component_coloring	no		1	3	0.024	neither
170	328	792	372	1111232342432434	1234112213234344	-1	fallback_evaluated_by_x_component_coloring	no		1	3	0.050	1052	1112213234344234	1231241321323444	1	fallback_evaluated_by_x_component_coloring	no		1	3	0.025	neither
171	329	377	373	1111232342434234	1234112213233444	-1	fallback_evaluated_by_x_component_coloring	no		1	4	0.195	432	1111234223324344	1234111232342434	1	fallback_evaluated_by_x_component_coloring	no		1	2	0.005	neither
172	330	761	375	1111232344223434	1234112212343344	1	fallback_evaluated_by_x_component_coloring	no		1	2	0.008	1003	1112212343344234	1231243112323444	-1	fallback_evaluated_by_x_component_coloring	no		1	2	0.004	neither
173	334	728	379	1111232422333444	1234112134234234	-1	fallback_evaluated_by_x_component_coloring	no		1	1	0.090	924	1112134234234234	1231411222333444	1	fallback_evaluated_by_x_component_coloring	no		1	7	7.676	neither
174	335	723	380	1111232422334344	1234112134232434	-1	fallback_evaluated_by_x_component_coloring	no		1	2	0.019	919	1112134232434234	1231411223233444	1	fallback_evaluated_by_x_component_coloring	no		2	5	4.802	neither
175	339	696	384	1111232423233444	1234112132434234	-1	fallback_evaluated_by_x_component_coloring	no		1	2	0.017	882	1112132434234234	1231412122333444	1	fallback_evaluated_by_x_component_coloring	no		2	5	5.511	neither
176	340	691	385	1111232423234344	1234112132432434	-1	fallback_evaluated_by_x_component_coloring	no		1	3	0.041	877	1112132432434234	1231412123233444	1	fallback_evaluated_by_x_component_coloring	no		2	4	3.474	neither
177	342	685	387	1111232423243344	1234112132423434	1	fallback_evaluated_by_x_component_coloring	yes	WARNING: 3-strand relation used	2	5	0.009	861	1112132423434234	1231412132233444	-1	fallback_evaluated_by_x_component_coloring	no		1	5	1.224	first_orientation_only
178	343	680	388	1111232423243434	1234112132423344	1	fallback_evaluated_by_x_component_coloring	yes	WARNING: 3-strand relation used	2	6	0.015	856	1112132423344234	1231412132323444	-1	fallback_evaluated_by_x_component_coloring	no		1	4	0.139	first_orientation_only
179	344	664	389	1111232423323444	1234112132344234	-1	fallback_evaluated_by_x_component_coloring	no		1	1	0.007	840	1112132344234234	1231412212333444	1	fallback_evaluated_by_x_component_coloring	no		1	5	1.337	neither
180	347	578	392	1111232423342344	1234112132324434	-1	fallback_evaluated_by_x_component_coloring	no		1	3	0.030	700	1112123432324344	1231421123342434	1	fallback_evaluated_by_x_component_coloring	no		1	4	0.206	neither
181	349	375	394	1111232423344234	1234112132323444	-1	fallback_evaluated_by_x_component_coloring	no		1	3	0.037	430	1111234223243434	1234111232423344	1	fallback_evaluated_by_x_component_coloring	no		1	3	0.030	neither
182	350	623	395	1111232423423344	1234112132243434	1	fallback_evaluated_by_x_component_coloring	no		1	4	0.512	784	1112132243434234	1231412312233444	-1	fallback_evaluated_by_x_component_coloring	no		1	4	0.202	neither
183	351	618	396	1111232423423434	1234112132243344	1	fallback_evaluated_by_x_component_coloring	no		1	5	2.282	779	1112132243344234	1231412312323444	-1	fallback_evaluated_by_x_component_coloring	no		1	3	0.022	neither
184	353	610	398	1111232423432434	1234112132234344	-1	fallback_evaluated_by_x_component_coloring	no		1	3	0.032	758	1112132234344234	1231412321323444	1	fallback_evaluated_by_x_component_coloring	no		1	3	0.028	neither
185	354	374	399	1111232423434234	1234112132233444	-1	fallback_evaluated_by_x_component_coloring	no		1	4	0.243	429	1111234223243344	1234111232423434	1	fallback_evaluated_by_x_component_coloring	no		1	2	0.004	neither
186	356	553	406	1111232432324344	1234112123342434	1	fallback_evaluated_by_x_component_coloring	no		1	2	0.010	667	1112123342434234	1231421213233444	-1	fallback_evaluated_by_x_component_coloring	no		1	4	0.174	neither
187	357	548	407	1111232432324434	1234112123342344	-1	fallback_evaluated_by_x_component_coloring	no		1	2	0.008	662	1112123342344234	1231421213323444	1	fallback_evaluated_by_x_component_coloring	no		1	4	0.134	neither
188	358	537	408	1111232432342344	1234112123324434	1	fallback_evaluated_by_x_component_coloring	no		1	3	0.033	651	1112123324434234	1231421231233444	-1	fallback_evaluated_by_x_component_coloring	no		1	3	0.028	neither
189	359	534	409	1111232432342434	1234112123324344	-1	fallback_evaluated_by_x_component_coloring	no		1	3	0.020	646	1112123324344234	1231421231323444	1	fallback_evaluated_by_x_component_coloring	no		1	3	0.020	neither
190	361	521	411	1111232432423344	1234112123243434	-1	fallback_evaluated_by_x_component_coloring	no		1	2	0.008	616	1112123243434234	1231421312233444	1	fallback_evaluated_by_x_component_coloring	no		1	4	0.191	neither
191	362	516	412	1111232432423434	1234112123243344	-1	fallback_evaluated_by_x_component_coloring	no		1	3	0.056	611	1112123243344234	1231421312323444	1	fallback_evaluated_by_x_component_coloring	no		1	3	0.017	neither
192	364	501	414	1111232432432434	1234112123234344	1	fallback_evaluated_by_x_component_coloring	no		2	2	0.038	590	1112123234344234	1231421321323444	-1	fallback_evaluated_by_x_component_coloring	no		1	3	0.031	neither
193	365	372	415	1111232432434234	1234112123233444	1	fallback_evaluated_by_x_component_coloring	no		1	4	0.511	427	1111234223234344	1234111232432434	-1	fallback_evaluated_by_x_component_coloring	no		1	2	0.009	neither
194	369	447	419	1111232434232434	1234112122334344	1	fallback_evaluated_by_x_component_coloring	no		1	4	0.311	520	1112122334344234	1231423121323444	-1	fallback_evaluated_by_x_component_coloring	no		1	2	0.007	neither
195	370	371	420	1111232434234234	1234112122333444	1	fallback_evaluated_by_x_component_coloring	no		1	5	1.653	426	1111234223233444	1234111232434234	-1	fallback_evaluated_by_x_component_coloring	no		1	1	0.006	neither
196	412	1237	469	1112122233434434	1231423412132344	-1	fallback_evaluated_by_x_component_coloring	no		1	2	0.142	2453	1112314234232434	1231141222334344	1	fallback_evaluated_by_x_component_coloring	no		1	7	6.771	neither
197	416	1155	475	1112122234343344	1231423411223434	1	fallback_evaluated_by_x_component_coloring	no		1	2	0.008	2234	1112234341232434	1231211224334344	-1	fallback_evaluated_by_x_component_coloring	no		1	6	3.870	neither
198	417	1088	476	1112122234343434	1231423411223344	1	fallback_evaluated_by_x_component_coloring	no		1	3	0.042	2066	1112233441232434	1231212124334344	-1	fallback_evaluated_by_x_component_coloring	no		1	5	2.129	neither
199	420	1296	481	1112122323433444	1231423142134234	-1	fallback_evaluated_by_x_component_coloring	no		1	3	0.662	2991	1112323412324344	1231122143342434	1	fallback_evaluated_by_x_component_coloring	yes	WARNING: 3-strand relation used	2	16	13.387	second_orientation_only
200	421	1060	482	1112122323434344	1231423142132434	-1	fallback_evaluated_by_x_component_coloring	no		1	4	0.323	2013	1112233412324344	1231212143342434	1	fallback_evaluated_by_x_component_coloring	yes	WARNING: 3-strand relation used	3	13	8.533	second_orientation_only
201	422	1142	483	1112122323434434	1231423142132344	-1	fallback_evaluated_by_x_component_coloring	no		1	3	0.048	2181	1112234312324344	1231211243342434	1	fallback_evaluated_by_x_component_coloring	no		2	6	5.298	neither
202	424	1473	487	1112122324334344	1231423141232434	-1	fallback_evaluated_by_x_component_coloring	no		1	3	0.127	4586	1121231423342344	1213214132324434	1	fallback_evaluated_by_x_component_coloring	no		2	7	8.827	neither
203	425	1232	488	1112122324334434	1231423141232344	1	fallback_evaluated_by_x_component_coloring	no		1	3	0.051	2446	1112314232423434	1231141223243344	-1	fallback_evaluated_by_x_component_coloring	no		1	6	4.561	neither
204	426	1457	489	1112122324343344	1231423141223434	1	fallback_evaluated_by_x_component_coloring	no		1	3	0.043	4438	1121223434123344	1213231122443434	-1	fallback_evaluated_by_x_component_coloring	no		1	6	4.087	neither
205	427	1231	490	1112122324343434	1231423141223344	1	fallback_evaluated_by_x_component_coloring	no		1	4	0.247	2445	1112314232423344	1231141223243434	-1	fallback_evaluated_by_x_component_coloring	no		1	5	2.371	neither
206	429	1321	493	1112122332344344	1231423124312434	1	fallback_evaluated_by_x_component_coloring	no		1	3	0.122	3064	1112324123243434	1231121432423344	-1	fallback_evaluated_by_x_component_coloring	yes	WARNING: 3-strand relation used	2	9	2.395	second_orientation_only
207	430	1468	495	1112122332433444	1231423124134234	1	fallback_evaluated_by_x_component_coloring	yes	WARNING: 3-strand relation used	3	4	1.086	4560	1121231342342344	1213214213324434	-1	fallback_evaluated_by_x_component_coloring	no		2	7	13.872	first_orientation_only
208	431	1466	496	1112122332434344	1231423124132434	1	fallback_evaluated_by_x_component_coloring	no		2	3	0.640	4544	1121231324342344	1213214231324434	-1	fallback_evaluated_by_x_component_coloring	no		2	6	6.449	neither
209	432	1229	497	1112122332434434	1231423124132344	1	fallback_evaluated_by_x_component_coloring	no		2	2	0.084	2443	1112314232342434	1231141223324344	-1	fallback_evaluated_by_x_component_coloring	no		1	6	3.247	neither
210	433	1228	499	1112122332443434	1231423124123344	-1	fallback_evaluated_by_x_component_coloring	no		2	2	0.092	2442	1112314232342344	1231141223324434	1	fallback_evaluated_by_x_component_coloring	no		1	6	3.666	neither
211	434	1190	504	1112122333423444	1231423123144234	-1	fallback_evaluated_by_x_component_coloring	no		1	3	0.100	2342	1112312324342344	1231142231324434	1	fallback_evaluated_by_x_component_coloring	no		1	7	6.025	neither
212	435	518	507	1112122333442344	1231423123124434	-1	fallback_evaluated_by_x_component_coloring	no		1	3	0.043	613	1112123243423434	1231421312243344	1	fallback_evaluated_by_x_component_coloring	no		1	6	5.487	neither
213	437	1429	510	1112122334233444	1231423121434234	1	fallback_evaluated_by_x_component_coloring	yes	WARNING: 3-strand relation used	2	6	0.121	4092	1121213342342344	1213241213324434	-1	fallback_evaluated_by_x_component_coloring	no		2	6	5.516	first_orientation_only
214	438	898	511	1112122334234344	1231423121432434	1	fallback_evaluated_by_x_component_coloring	no		1	5	2.429	1496	1112231232434344	1231214324132434	-1	fallback_evaluated_by_x_component_coloring	no		2	5	4.278	neither
215	439	1227	512	1112122334234434	1231423121432344	1	fallback_evaluated_by_x_component_coloring	no		1	4	0.558	2441	1112314232324434	1231141223342344	-1	fallback_evaluated_by_x_component_coloring	no		1	5	1.349	neither
216	440	1423	513	1112122334243344	1231423121423434	-1	fallback_evaluated_by_x_component_coloring	no		2	2	0.101	4020	1121213234342344	1213241321324434	1	fallback_evaluated_by_x_component_coloring	no		2	5	3.939	neither
217	441	1226	514	1112122334243434	1231423121423344	-1	fallback_evaluated_by_x_component_coloring	no		2	3	0.650	2440	1112314232324344	1231141223342434	1	fallback_evaluated_by_x_component_coloring	no		1	5	1.524	neither
218	443	1434	516	1112122334324344	1231423121342434	-1	fallback_evaluated_by_x_component_coloring	no		1	3	0.044	4118	1121213423342344	1213241132324434	1	fallback_evaluated_by_x_component_coloring	no		3	5	7.033	neither
219	445	517	518	1112122334342344	1231423121324434	-1	fallback_evaluated_by_x_component_coloring	no		1	4	0.172	612	1112123243423344	1231421312243434	1	fallback_evaluated_by_x_component_coloring	no		2	4	4.794	neither
220	448	1411	521	1112122334423344	1231423121243434	1	fallback_evaluated_by_x_component_coloring	no		2	2	0.072	3922	1121212324343434	1213243141223344	-1	fallback_evaluated_by_x_component_coloring	no		1	5	1.250	neither
221	449	735	522	1112122334423434	1231423121243344	1	fallback_evaluated_by_x_component_coloring	no		1	4	0.575	952	1112212324343434	1231243141223344	-1	fallback_evaluated_by_x_component_coloring	no		1	4	0.180	neither
222	453	1019	528	1112122342334434	1231423114232344	1	fallback_evaluated_by_x_component_coloring	no		1	4	0.149	1796	1112232344123344	1231213212443434	-1	fallback_evaluated_by_x_component_coloring	no		1	5	2.970	neither
223	454	890	529	1112122342343344	1231423114223434	1	fallback_evaluated_by_x_component_coloring	no		1	4	0.150	1468	1112223434123344	1231231122443434	-1	fallback_evaluated_by_x_component_coloring	no		1	5	2.723	neither
224	455	868	530	1112122342343434	1231423114223344	1	fallback_evaluated_by_x_component_coloring	no		1	5	1.219	1412	1112223344123344	1231231212443434	-1	fallback_evaluated_by_x_component_coloring	no		1	4	0.469	neither
225	456	1349	531	1112122343233444	1231423112434234	1	fallback_evaluated_by_x_component_coloring	no		1	3	0.033	3144	1112324234123344	1231121322443434	-1	fallback_evaluated_by_x_component_coloring	no		1	6	3.722	neither
226	457	899	532	1112122343234344	1231423112432434	1	fallback_evaluated_by_x_component_coloring	no		1	4	0.153	1497	1112231232434434	1231214324132344	-1	fallback_evaluated_by_x_component_coloring	no		2	4	2.573	neither
227	461	519	539	1112122343342344	1231423112324434	-1	fallback_evaluated_by_x_component_coloring	no		1	3	0.033	614	1112123243432344	1231421312234434	1	fallback_evaluated_by_x_component_coloring	no		1	4	0.245	neither
228	465	734	543	1112122343423434	1231423112243344	1	fallback_evaluated_by_x_component_coloring	no		1	5	2.945	951	1112212324343344	1231243141223434	-1	fallback_evaluated_by_x_component_coloring	no		1	3	0.025	neither
229	467	1157	545	1112122343432434	1231423112234344	1	fallback_evaluated_by_x_component_coloring	no		1	2	0.004	2236	1112234342123344	1231211223443434	-1	fallback_evaluated_by_x_component_coloring	no		1	3	0.035	neither
230	469	1272	548	1112123223343444	1231421342314234	-1	fallback_evaluated_by_x_component_coloring	no		1	3	0.651	2882	1112323142342344	1231122413324434	1	fallback_evaluated_by_x_component_coloring	no		2	8	9.734	neither
231	475	1186	558	1112123224334434	1231421341232344	-1	fallback_evaluated_by_x_component_coloring	no		1	3	0.036	2331	1112312323442344	1231142233124434	1	fallback_evaluated_by_x_component_coloring	no		1	6	3.273	neither
232	476	1171	559	1112123224343344	1231421341223434	-1	fallback_evaluated_by_x_component_coloring	no		1	3	0.034	2286	1112312234342344	1231142321324434	1	fallback_evaluated_by_x_component_coloring	no		1	6	3.821	neither
233	477	1167	560	1112123224343434	1231421341223344	-1	fallback_evaluated_by_x_component_coloring	no		1	4	0.189	2275	1112312233442344	1231142323124434	1	fallback_evaluated_by_x_component_coloring	no		1	5	1.969	neither
234	478	1051	562	1112123232343444	1231421324314234	-1	fallback_evaluated_by_x_component_coloring	no		1	4	0.312	1904	1112233142342344	1231212413324434	1	fallback_evaluated_by_x_component_coloring	no		2	7	6.563	neither
235	480	943	565	1112123232433444	1231421324134234	1	fallback_evaluated_by_x_component_coloring	yes	WARNING: 3-strand relation used	2	6	0.213	1590	1112231342342344	1231214213324434	-1	fallback_evaluated_by_x_component_coloring	no		2	6	5.483	first_orientation_only
236	481	934	566	1112123232434344	1231421324132434	1	fallback_evaluated_by_x_component_coloring	no		2	4	3.448	1574	1112231324342344	1231214231324434	-1	fallback_evaluated_by_x_component_coloring	no		2	5	4.492	neither
237	482	928	567	1112123232434434	1231421324132344	1	fallback_evaluated_by_x_component_coloring	no		2	3	0.881	1563	1112231323442344	1231214233124434	-1	fallback_evaluated_by_x_component_coloring	no		2	4	2.315	neither
238	483	902	569	1112123232443434	1231421324123344	-1	fallback_evaluated_by_x_component_coloring	no		2	3	0.829	1507	1112231233442344	1231214323124434	1	fallback_evaluated_by_x_component_coloring	no		1	5	2.058	neither
239	488	965	576	1112123233424434	1231421323142344	1	fallback_evaluated_by_x_component_coloring	no		1	3	0.039	1621	1112231423432344	1231214132234434	-1	fallback_evaluated_by_x_component_coloring	no		2	5	4.856	neither
240	489	514	577	1112123233442344	1231421323124434	-1	fallback_evaluated_by_x_component_coloring	no		1	4	0.201	605	1112123243243434	1231421312423344	1	fallback_evaluated_by_x_component_coloring	yes	WARNING: 3-strand relation used	2	7	0.048	second_orientation_only
241	491	820	580	1112123234233444	1231421321434234	1	fallback_evaluated_by_x_component_coloring	yes	WARNING: 3-strand relation used	1	8	0.080	1122	1112213342342344	1231241213324434	-1	fallback_evaluated_by_x_component_coloring	no		2	5	3.512	first_orientation_only
242	492	811	581	1112123234234344	1231421321432434	1	fallback_evaluated_by_x_component_coloring	no		1	6	4.615	1106	1112213324342344	1231241231324434	-1	fallback_evaluated_by_x_component_coloring	no		2	4	2.642	neither
243	493	810	582	1112123234234434	1231421321432344	1	fallback_evaluated_by_x_component_coloring	no		1	5	3.242	1095	1112213323442344	1231241233124434	-1	fallback_evaluated_by_x_component_coloring	no		2	3	0.320	neither
244	494	790	583	1112123234243344	1231421321423434	-1	fallback_evaluated_by_x_component_coloring	no		2	3	0.931	1050	1112213234342344	1231241321324434	1	fallback_evaluated_by_x_component_coloring	no		2	4	2.703	neither
245	495	781	584	1112123234243434	1231421321423344	-1	fallback_evaluated_by_x_component_coloring	no		2	4	4.242	1039	1112213233442344	1231241323124434	1	fallback_evaluated_by_x_component_coloring	no		2	3	0.487	neither
246	496	847	585	1112123234323444	1231421321344234	1	fallback_evaluated_by_x_component_coloring	no		1	4	0.179	1164	1112213432342344	1231241123324434	-1	fallback_evaluated_by_x_component_coloring	no		2	4	2.721	neither
247	497	839	586	1112123234324344	1231421321342434	-1	fallback_evaluated_by_x_component_coloring	no		1	4	0.179	1148	1112213423342344	1231241132324434	1	fallback_evaluated_by_x_component_coloring	no		3	4	4.310	neither
248	499	513	588	1112123234342344	1231421321324434	-1	fallback_evaluated_by_x_component_coloring	no		1	5	1.498	604	1112123243243344	1231421312423434	1	fallback_evaluated_by_x_component_coloring	yes	WARNING: 3-strand relation used	3	5	0.024	second_orientation_only
249	503	733	592	1112123234423434	1231421321243344	1	fallback_evaluated_by_x_component_coloring	no		1	5	3.415	950	1112212324334434	1231243141232344	-1	fallback_evaluated_by_x_component_coloring	no		1	3	0.022	neither
250	507	632	598	1112123242334434	1231421314232344	-1	fallback_evaluated_by_x_component_coloring	no		1	4	0.147	801	1112132323442344	1231412233124434	1	fallback_evaluated_by_x_component_coloring	no		1	5	1.366	neither
251	508	608	599	1112123242343344	1231421314223434	-1	fallback_evaluated_by_x_component_coloring	no		1	4	0.152	756	1112132234342344	1231412321324434	1	fallback_evaluated_by_x_component_coloring	no		1	5	2.766	neither
252	509	598	600	1112123242343434	1231421314223344	-1	fallback_evaluated_by_x_component_coloring	no		1	5	1.161	745	1112132233442344	1231412323124434	1	fallback_evaluated_by_x_component_coloring	no		1	4	0.462	neither
253	510	546	601	1112123243233444	1231421312434234	-1	fallback_evaluated_by_x_component_coloring	no		1	3	0.027	660	1112123342342344	1231421213324434	1	fallback_evaluated_by_x_component_coloring	no		1	6	3.865	neither
254	511	532	602	1112123243234344	1231421312432434	-1	fallback_evaluated_by_x_component_coloring	no		1	4	0.141	644	1112123324342344	1231421231324434	1	fallback_evaluated_by_x_component_coloring	no		1	5	2.660	neither
255	522	1330	627	1112123323243444	1231421233414234	1	fallback_evaluated_by_x_component_coloring	no		1	3	0.051	3084	1112324132342344	1231121423324434	-1	fallback_evaluated_by_x_component_coloring	no		2	5	2.831	neither
256	523	1322	628	1112123323244344	1231421233412434	-1	fallback_evaluated_by_x_component_coloring	no		1	3	0.049	3068	1112324123342344	1231121432324434	1	fallback_evaluated_by_x_component_coloring	no		1	6	2.736	neither
257	524	871	630	1112123323423444	1231421233144234	1	fallback_evaluated_by_x_component_coloring	no		1	4	0.146	1423	1112223412334434	1231231144232344	-1	fallback_evaluated_by_x_component_coloring	no		2	4	1.732	neither
258	525	1022	631	1112123323424344	1231421233142434	-1	fallback_evaluated_by_x_component_coloring	no		1	4	0.175	1807	1112232412334434	1231213144232344	1	fallback_evaluated_by_x_component_coloring	no		2	4	1.858	neither
259	528	1250	634	1112123323442434	1231421233124344	1	fallback_evaluated_by_x_component_coloring	no		1	3	0.015	2522	1112321243432344	1231124312234434	-1	fallback_evaluated_by_x_component_coloring	no		1	4	0.121	neither
260	529	1193	641	1112123324323444	1231421231344234	1	fallback_evaluated_by_x_component_coloring	no		2	2	0.032	2346	1112312324423434	1231142231243344	-1	fallback_evaluated_by_x_component_coloring	no		1	5	0.964	neither
261	530	1210	642	1112123324324344	1231421231342434	1	fallback_evaluated_by_x_component_coloring	yes	WARNING: 3-strand relation used	3	5	0.061	2384	1112312423342344	1231142132324434	-1	fallback_evaluated_by_x_component_coloring	no		1	5	1.116	first_orientation_only
262	535	1219	647	1112123324423344	1231421231243434	-1	fallback_evaluated_by_x_component_coloring	no		1	2	0.005	2410	1112312434232344	1231142122334434	1	fallback_evaluated_by_x_component_coloring	no		1	5	2.977	neither
263	540	705	654	1112123342234434	1231421213432344	1	fallback_evaluated_by_x_component_coloring	no		1	3	0.024	901	1112134223432344	1231411232234434	-1	fallback_evaluated_by_x_component_coloring	no		1	4	0.117	neither
264	541	726	655	1112123342243344	1231421213423434	-1	fallback_evaluated_by_x_component_coloring	no		1	2	0.007	922	1112134234232344	1231411222334434	1	fallback_evaluated_by_x_component_coloring	no		1	5	3.357	neither
265	542	721	656	1112123342243434	1231421213423344	-1	fallback_evaluated_by_x_component_coloring	no		1	3	0.032	917	1112134232432344	1231411223234434	1	fallback_evaluated_by_x_component_coloring	no		2	3	0.497	neither
266	544	678	658	1112123342324344	1231421213342434	1	fallback_evaluated_by_x_component_coloring	yes	WARNING: 3-strand relation used	2	7	0.063	854	1112132423342344	1231412132324434	-1	fallback_evaluated_by_x_component_coloring	no		1	4	0.167	first_orientation_only
267	549	694	663	1112123342423344	1231421213243434	-1	fallback_evaluated_by_x_component_coloring	no		1	3	0.030	880	1112132434232344	1231412122334434	1	fallback_evaluated_by_x_component_coloring	no		2	3	0.886	neither
268	550	689	664	1112123342423434	1231421213243344	-1	fallback_evaluated_by_x_component_coloring	no		1	4	0.161	875	1112132432432344	1231412123234434	1	fallback_evaluated_by_x_component_coloring	no		2	2	0.054	neither
269	551	555	665	1112123342432344	1231421213234434	-1	fallback_evaluated_by_x_component_coloring	no		1	2	0.006	671	1112123344232434	1231421212334344	1	fallback_evaluated_by_x_component_coloring	no		1	3	0.033	neither
270	591	1480	733	1112132232433444	1231412324134234	1	fallback_evaluated_by_x_component_coloring	no		2	2	0.146	4744	1121232341243434	1213213214423344	-1	fallback_evaluated_by_x_component_coloring	no		1	7	6.221	neither
271	592	1448	734	1112132232434344	1231412324132434	1	fallback_evaluated_by_x_component_coloring	no		1	4	0.275	4360	1121223341243434	1213231214423344	-1	fallback_evaluated_by_x_component_coloring	no		1	6	3.172	neither
272	593	1323	735	1112132232434434	1231412324132344	1	fallback_evaluated_by_x_component_coloring	no		1	3	0.040	3069	1112324123342434	1231121432324344	-1	fallback_evaluated_by_x_component_coloring	no		1	6	2.542	neither
273	595	1187	742	1112132233423444	1231412323144234	1	fallback_evaluated_by_x_component_coloring	no		1	4	0.651	2335	1112312324234344	1231142231432434	-1	fallback_evaluated_by_x_component_coloring	no		1	6	3.520	neither
274	597	1338	744	1112132233424434	1231412323142344	-1	fallback_evaluated_by_x_component_coloring	no		2	2	0.077	3095	1112324134232434	1231121422334344	1	fallback_evaluated_by_x_component_coloring	no		1	6	3.255	neither
275	600	1010	748	1112132234233444	1231412321434234	1	fallback_evaluated_by_x_component_coloring	no		1	4	0.448	1774	1112232341243434	1231213214423344	-1	fallback_evaluated_by_x_component_coloring	no		1	6	3.667	neither
276	601	859	749	1112132234234344	1231412321432434	1	fallback_evaluated_by_x_component_coloring	no		1	5	1.371	1390	1112223341243434	1231231214423344	-1	fallback_evaluated_by_x_component_coloring	no		1	5	1.898	neither
277	607	1309	755	1112132234324434	1231412321342344	1	fallback_evaluated_by_x_component_coloring	no		2	2	0.036	3010	1112323421243434	1231122134423344	-1	fallback_evaluated_by_x_component_coloring	no		1	5	0.939	neither
278	609	1077	757	1112132234342434	1231412321324344	1	fallback_evaluated_by_x_component_coloring	no		2	3	0.738	2032	1112233421243434	1231212134423344	-1	fallback_evaluated_by_x_component_coloring	no		1	4	0.126	neither
279	611	1342	759	1112132234423344	1231412321243434	1	fallback_evaluated_by_x_component_coloring	no		1	3	0.049	3122	1112324231243434	1231121324423344	-1	fallback_evaluated_by_x_component_coloring	no		1	5	1.973	neither
280	612	742	760	1112132234423434	1231412321243344	1	fallback_evaluated_by_x_component_coloring	no		1	4	0.165	974	1112212334234434	1231243121432344	-1	fallback_evaluated_by_x_component_coloring	no		1	4	0.382	neither
281	615	1249	771	1112132243234434	1231412312432344	1	fallback_evaluated_by_x_component_coloring	no		1	3	0.031	2521	1112321243423434	1231124312243344	-1	fallback_evaluated_by_x_component_coloring	no		1	6	3.112	neither
282	619	1412	780	1112132243423344	1231412312243434	1	fallback_evaluated_by_x_component_coloring	no		2	3	0.548	3943	1121212334234344	1213243121432434	-1	fallback_evaluated_by_x_component_coloring	no		1	6	3.061	neither
283	620	741	781	1112132243423434	1231412312243344	1	fallback_evaluated_by_x_component_coloring	no		1	5	2.598	973	1112212334234344	1231243121432434	-1	fallback_evaluated_by_x_component_coloring	no		1	5	1.821	neither
284	627	1331	791	1112132322434434	1231412234132344	-1	fallback_evaluated_by_x_component_coloring	no		1	3	0.059	3085	1112324132342434	1231121423324344	1	fallback_evaluated_by_x_component_coloring	no		1	6	2.568	neither
285	631	1120	800	1112132323424434	1231412233142344	-1	fallback_evaluated_by_x_component_coloring	no		1	4	0.193	2120	1112234212334344	1231211344232434	1	fallback_evaluated_by_x_component_coloring	no		2	4	2.268	neither
286	636	1239	806	1112132324234434	1231412231432344	-1	fallback_evaluated_by_x_component_coloring	no		1	4	0.181	2483	1112321233424344	1231124323142434	1	fallback_evaluated_by_x_component_coloring	no		1	5	1.803	neither
287	637	1445	807	1112132324243344	1231412231423434	1	fallback_evaluated_by_x_component_coloring	no		1	3	0.043	4284	1121223142343434	1213231414223344	-1	fallback_evaluated_by_x_component_coloring	no		1	6	4.115	neither
288	638	1329	808	1112132324243434	1231412231423344	1	fallback_evaluated_by_x_component_coloring	no		1	4	0.220	3082	1112324132324344	1231121423342434	-1	fallback_evaluated_by_x_component_coloring	no		2	4	2.357	neither
289	641	1334	811	1112132324324434	1231412231342344	1	fallback_evaluated_by_x_component_coloring	yes	WARNING: 3-strand relation used	3	5	0.018	3088	1112324132423434	1231121423243344	-1	fallback_evaluated_by_x_component_coloring	no		1	5	1.115	first_orientation_only
290	643	1333	813	1112132324342434	1231412231324344	1	fallback_evaluated_by_x_component_coloring	no		2	4	3.409	3087	1112324132423344	1231121423243434	-1	fallback_evaluated_by_x_component_coloring	no		1	4	0.184	neither
291	645	1413	815	1112132324423344	1231412231243434	-1	fallback_evaluated_by_x_component_coloring	no		1	3	0.041	3946	1121212334243434	1213243121423344	1	fallback_evaluated_by_x_component_coloring	no		2	4	2.696	neither
292	646	744	816	1112132324423434	1231412231243344	-1	fallback_evaluated_by_x_component_coloring	no		1	4	0.180	976	1112212334243434	1231243121423344	1	fallback_evaluated_by_x_component_coloring	no		2	3	0.491	neither
293	647	1282	820	1112132342233444	1231412213434234	1	fallback_evaluated_by_x_component_coloring	no		1	4	0.444	2941	1112323234124344	1231122331442434	-1	fallback_evaluated_by_x_component_coloring	no		1	5	1.210	neither
294	648	901	821	1112132342234344	1231412213432434	1	fallback_evaluated_by_x_component_coloring	no		1	5	1.410	1506	1112231233424434	1231214323142344	-1	fallback_evaluated_by_x_component_coloring	no		1	4	0.123	neither
295	652	1054	825	1112132342323444	1231412213344234	1	fallback_evaluated_by_x_component_coloring	no		1	5	2.556	1963	1112233234124344	1231212331442434	-1	fallback_evaluated_by_x_component_coloring	no		1	4	0.142	neither
296	654	1016	827	1112132342324434	1231412213342344	1	fallback_evaluated_by_x_component_coloring	yes	WARNING: 3-strand relation used	1	8	0.074	1787	1112232343124344	1231213213442434	-1	fallback_evaluated_by_x_component_coloring	no		1	4	0.129	first_orientation_only
297	656	865	829	1112132342342434	1231412213324344	1	fallback_evaluated_by_x_component_coloring	no		1	6	4.648	1403	1112223343124344	1231231213442434	-1	fallback_evaluated_by_x_component_coloring	no		1	3	0.044	neither
298	659	743	832	1112132342423434	1231412213243344	-1	fallback_evaluated_by_x_component_coloring	no		1	5	1.351	975	1112212334243344	1231243121423434	1	fallback_evaluated_by_x_component_coloring	no		2	2	0.054	neither
299	661	1135	834	1112132342432434	1231412213234344	-1	fallback_evaluated_by_x_component_coloring	no		1	4	0.249	2157	1112234233124344	1231211323442434	1	fallback_evaluated_by_x_component_coloring	no		1	3	0.037	neither
300	667	1319	843	1112132422334434	1231412134232344	1	fallback_evaluated_by_x_component_coloring	no		1	3	0.021	3059	1112324122343434	1231121434223344	-1	fallback_evaluated_by_x_component_coloring	yes	WARNING: 3-strand relation used	2	8	0.380	second_orientation_only
301	672	1248	848	1112132423234434	1231412132432344	1	fallback_evaluated_by_x_component_coloring	no		1	4	0.151	2520	1112321243423344	1231124312243434	-1	fallback_evaluated_by_x_component_coloring	no		2	4	2.046	neither
302	675	1220	851	1112132423323444	1231412132344234	-1	fallback_evaluated_by_x_component_coloring	no		1	2	0.009	2411	1112312434232434	1231142122334344	1	fallback_evaluated_by_x_component_coloring	no		1	6	5.451	neither
303	676	1422	852	1112132423324344	1231412132342434	-1	fallback_evaluated_by_x_component_coloring	no		1	3	0.033	4016	1121213234243434	1213241321423344	1	fallback_evaluated_by_x_component_coloring	no		3	5	6.914	neither
304	677	1346	853	1112132423324434	1231412132342344	1	fallback_evaluated_by_x_component_coloring	no		1	3	0.031	3130	1112324231423434	1231121324243344	-1	fallback_evaluated_by_x_component_coloring	yes	WARNING: 3-strand relation used	2	8	0.251	second_orientation_only
305	679	1345	855	1112132423342434	1231412132324344	1	fallback_evaluated_by_x_component_coloring	no		1	4	0.169	3129	1112324231423344	1231121324243434	-1	fallback_evaluated_by_x_component_coloring	yes	WARNING: 3-strand relation used	2	7	0.057	second_orientation_only
306	682	740	858	1112132423423434	1231412132243344	1	fallback_evaluated_by_x_component_coloring	no		1	6	3.762	972	1112212334233444	1231243121434234	-1	fallback_evaluated_by_x_component_coloring	yes	WARNING: 3-strand relation used	2	6	0.036	second_orientation_only
307	687	979	871	1112132432342434	1231412123324344	-1	fallback_evaluated_by_x_component_coloring	no		1	4	0.144	1658	1112232124343434	1231213441223344	1	fallback_evaluated_by_x_component_coloring	no		2	3	0.771	neither
308	692	1409	878	1112132434223344	1231412122343434	1	fallback_evaluated_by_x_component_coloring	no		2	2	0.076	3908	1121212234343434	1213243411223344	-1	fallback_evaluated_by_x_component_coloring	no		1	4	0.196	neither
309	704	745	900	1112134223423434	1231411232243344	1	fallback_evaluated_by_x_component_coloring	no		1	5	3.188	977	1112212334323444	1231243121344234	-1	fallback_evaluated_by_x_component_coloring	no		1	3	0.011	neither
310	706	1260	902	1112134223432434	1231411232234344	1	fallback_evaluated_by_x_component_coloring	no		1	4	0.093	2573	1112321342432344	1231124213234434	-1	fallback_evaluated_by_x_component_coloring	no		1	3	0.028	neither
311	708	1154	904	1112134232233444	1231411223434234	1	fallback_evaluated_by_x_component_coloring	no		1	2	0.007	2233	1112234341232344	1231211224334434	-1	fallback_evaluated_by_x_component_coloring	no		1	5	2.998	neither
312	709	922	905	1112134232234344	1231411223432434	1	fallback_evaluated_by_x_component_coloring	no		1	3	0.037	1545	1112231243432434	1231214312234344	-1	fallback_evaluated_by_x_component_coloring	no		2	3	0.489	neither
313	710	1149	906	1112134232234434	1231411223432344	-1	fallback_evaluated_by_x_component_coloring	no		1	3	0.029	2188	1112234312432344	1231211243234434	1	fallback_evaluated_by_x_component_coloring	no		1	4	0.108	neither
314	713	1087	909	1112134232323444	1231411223344234	1	fallback_evaluated_by_x_component_coloring	no		1	3	0.032	2065	1112233441232344	1231212124334434	-1	fallback_evaluated_by_x_component_coloring	no		1	4	0.568	neither
315	717	978	913	1112134232342434	1231411223324344	-1	fallback_evaluated_by_x_component_coloring	no		1	5	1.178	1657	1112232124343344	1231213441223434	1	fallback_evaluated_by_x_component_coloring	no		2	2	0.050	neither
316	720	746	916	1112134232423434	1231411223243344	-1	fallback_evaluated_by_x_component_coloring	no		2	4	3.981	978	1112212334324344	1231243121342434	1	fallback_evaluated_by_x_component_coloring	no		1	3	0.015	neither
317	724	853	920	1112134234223344	1231411222343434	1	fallback_evaluated_by_x_component_coloring	no		1	4	0.542	1174	1112213434232344	1231241122334434	-1	fallback_evaluated_by_x_component_coloring	no		1	3	0.027	neither
318	730	843	943	1112212323433444	1231243142134234	1	fallback_evaluated_by_x_component_coloring	no		1	3	0.199	1152	1112213423423434	1231241132243344	-1	fallback_evaluated_by_x_component_coloring	no		2	6	8.855	neither
319	731	803	944	1112212323434344	1231243142132434	1	fallback_evaluated_by_x_component_coloring	no		1	4	0.232	1075	1112213243423434	1231241312243344	-1	fallback_evaluated_by_x_component_coloring	no		3	5	8.279	neither
320	732	793	945	1112212323434434	1231243142132344	1	fallback_evaluated_by_x_component_coloring	no		1	3	0.031	1054	1112213234423434	1231241321243344	-1	fallback_evaluated_by_x_component_coloring	no		2	4	2.915	neither
321	736	1094	954	1112212332343444	1231243124314234	1	fallback_evaluated_by_x_component_coloring	no		1	3	0.096	2084	1112234123234434	1231211432432344	-1	fallback_evaluated_by_x_component_coloring	yes	WARNING: 3-strand relation used	2	9	2.966	second_orientation_only
322	737	1214	957	1112212332433444	1231243124134234	-1	fallback_evaluated_by_x_component_coloring	yes	WARNING: 3-strand relation used	3	4	0.159	2388	1112312423423434	1231142132243344	1	fallback_evaluated_by_x_component_coloring	no		1	7	5.628	first_orientation_only
323	738	1181	958	1112212332434344	1231243124132434	-1	fallback_evaluated_by_x_component_coloring	no		2	3	0.396	2311	1112312243423434	1231142312243344	1	fallback_evaluated_by_x_component_coloring	no		1	6	3.751	neither
324	739	1174	959	1112212332434434	1231243124132344	-1	fallback_evaluated_by_x_component_coloring	no		2	2	0.065	2290	1112312234423434	1231142321243344	1	fallback_evaluated_by_x_component_coloring	no		1	5	0.970	neither
325	767	1512	1010	1112213223343444	1231241342314234	1	fallback_evaluated_by_x_component_coloring	yes	WARNING: 3-strand relation used	3	4	1.017	5967	1121323412423434	1213122143243344	-1	fallback_evaluated_by_x_component_coloring	no		1	8	8.576	first_orientation_only
326	771	1469	1021	1112213224343344	1231241341223434	1	fallback_evaluated_by_x_component_coloring	yes	WARNING: 3-strand relation used	3	4	0.193	4561	1121231342342434	1213214213324344	-1	fallback_evaluated_by_x_component_coloring	no		1	7	5.716	first_orientation_only
327	776	1211	1029	1112213232434434	1231241324132344	-1	fallback_evaluated_by_x_component_coloring	no		3	3	1.807	2385	1112312423342434	1231142132324344	1	fallback_evaluated_by_x_component_coloring	no		1	5	1.104	neither
328	777	1514	1033	1112213233243444	1231241323414234	1	fallback_evaluated_by_x_component_coloring	no		2	2	0.097	6210	1121341223423434	1213114232243344	-1	fallback_evaluated_by_x_component_coloring	no		1	7	5.777	neither
329	778	1184	1036	1112213233423444	1231241323144234	1	fallback_evaluated_by_x_component_coloring	no		2	3	0.386	2329	1112312323424344	1231142233142434	-1	fallback_evaluated_by_x_component_coloring	no		1	6	3.440	neither
330	779	1482	1037	1112213233424344	1231241323142434	-1	fallback_evaluated_by_x_component_coloring	no		2	3	0.538	4751	1121232341423344	1213213214243434	1	fallback_evaluated_by_x_component_coloring	no		2	5	4.893	neither
331	780	1306	1038	1112213233424434	1231241323142344	-1	fallback_evaluated_by_x_component_coloring	no		1	3	0.042	3004	1112323414232434	1231122142334344	1	fallback_evaluated_by_x_component_coloring	no		1	6	4.575	neither
332	791	1078	1051	1112213234342434	1231241321324344	1	fallback_evaluated_by_x_component_coloring	no		1	4	0.195	2036	1112233421342344	1231212134324434	-1	fallback_evaluated_by_x_component_coloring	no		1	4	0.155	neither
333	796	1265	1061	1112213242343344	1231241314223434	1	fallback_evaluated_by_x_component_coloring	yes	WARNING: 3-strand relation used	3	5	0.024	2859	1112323124234344	1231122431432434	-1	fallback_evaluated_by_x_component_coloring	no		2	5	3.686	first_orientation_only
334	797	1044	1062	1112213242343434	1231241314223344	1	fallback_evaluated_by_x_component_coloring	yes	WARNING: 3-strand relation used	3	6	0.068	1881	1112233124234344	1231212431432434	-1	fallback_evaluated_by_x_component_coloring	no		2	4	2.390	first_orientation_only
335	799	1208	1065	1112213243234434	1231241312432344	-1	fallback_evaluated_by_x_component_coloring	yes	WARNING: 3-strand relation used	3	5	0.026	2378	1112312423234434	1231142132432344	1	fallback_evaluated_by_x_component_coloring	no		1	5	1.012	first_orientation_only
336	800	1470	1066	1112213243243344	1231241312423434	-1	fallback_evaluated_by_x_component_coloring	yes	WARNING: 3-strand relation used	9	12	11.204	4564	1121231342423434	1213214213243344	1	fallback_evaluated_by_x_component_coloring	no		1	6	3.211	first_orientation_only
337	802	1410	1074	1112213243423344	1231241312243434	-1	fallback_evaluated_by_x_component_coloring	no		5	4	20.624	3914	1121212323434344	1213243142132434	1	fallback_evaluated_by_x_component_coloring	no		1	5	1.242	neither
338	805	1315	1077	1112213243432434	1231241312234344	-1	fallback_evaluated_by_x_component_coloring	no		2	2	0.057	3034	1112323424132344	1231122132434434	1	fallback_evaluated_by_x_component_coloring	no		1	4	0.246	neither
339	809	1125	1094	1112213323424434	1231241233142344	1	fallback_evaluated_by_x_component_coloring	no		1	3	0.029	2136	1112234213423434	1231211342243344	-1	fallback_evaluated_by_x_component_coloring	no		1	6	3.270	neither
340	815	1256	1116	1112213342234434	1231241213432344	-1	fallback_evaluated_by_x_component_coloring	no		1	3	0.013	2569	1112321342342434	1231124213324344	1	fallback_evaluated_by_x_component_coloring	no		1	6	3.057	neither
341	816	1516	1117	1112213342243344	1231241213423434	1	fallback_evaluated_by_x_component_coloring	no		1	2	0.022	6390	1121342341223434	1213112224343344	-1	fallback_evaluated_by_x_component_coloring	no		1	8	10.580	neither
342	821	983	1123	1112213342342434	1231241213324344	-1	fallback_evaluated_by_x_component_coloring	no		1	5	1.887	1679	1112232134234344	1231213421432434	1	fallback_evaluated_by_x_component_coloring	no		1	5	2.663	neither
343	823	1436	1125	1112213342423344	1231241213243434	1	fallback_evaluated_by_x_component_coloring	no		1	3	0.035	4121	1121213423423344	1213241132243434	-1	fallback_evaluated_by_x_component_coloring	no		3	6	11.647	neither
344	824	842	1126	1112213342423434	1231241213243344	1	fallback_evaluated_by_x_component_coloring	no		1	4	0.142	1151	1112213423423344	1231241132243434	-1	fallback_evaluated_by_x_component_coloring	no		3	5	8.323	neither
345	826	1311	1128	1112213342432434	1231241213234344	1	fallback_evaluated_by_x_component_coloring	no		1	3	0.025	3025	1112323423142344	1231122133424434	-1	fallback_evaluated_by_x_component_coloring	yes	WARNING: 3-strand relation used	1	9	0.244	second_orientation_only
346	829	1276	1136	1112213422334344	1231241134232434	1	fallback_evaluated_by_x_component_coloring	yes	WARNING: 3-strand relation used	3	5	0.058	2886	1112323142423434	1231122413243344	-1	fallback_evaluated_by_x_component_coloring	no		2	5	3.983	first_orientation_only
347	830	1206	1137	1112213422334434	1231241134232344	-1	fallback_evaluated_by_x_component_coloring	yes	WARNING: 3-strand relation used	3	5	0.032	2375	1112312422343434	1231142134223344	1	fallback_evaluated_by_x_component_coloring	no		1	5	0.983	first_orientation_only
348	835	947	1143	1112213423243344	1231241132423434	-1	fallback_evaluated_by_x_component_coloring	yes	WARNING: 3-strand relation used	5	12	2.005	1594	1112231342423434	1231214213243344	1	fallback_evaluated_by_x_component_coloring	no		1	5	1.134	first_orientation_only
349	836	937	1144	1112213423243434	1231241132423344	-1	fallback_evaluated_by_x_component_coloring	yes	WARNING: 3-strand relation used	5	13	2.799	1578	1112231324423434	1231214231243344	1	fallback_evaluated_by_x_component_coloring	no		1	4	0.144	first_orientation_only
350	838	1116	1147	1112213423324434	1231241132342344	1	fallback_evaluated_by_x_component_coloring	no		2	2	0.037	2115	1112234134223434	1231211422343344	-1	fallback_evaluated_by_x_component_coloring	no		1	5	1.033	neither
351	840	972	1149	1112213423342434	1231241132324344	1	fallback_evaluated_by_x_component_coloring	no		2	3	0.509	1641	1112231434223434	1231214122343344	-1	fallback_evaluated_by_x_component_coloring	no		1	4	0.158	neither
352	848	984	1165	1112213432342434	1231241123324344	-1	fallback_evaluated_by_x_component_coloring	no		1	4	0.404	1680	1112232134234434	1231213421432344	1	fallback_evaluated_by_x_component_coloring	no		1	4	0.158	neither
353	854	1071	1175	1112213434232434	1231241122334344	-1	fallback_evaluated_by_x_component_coloring	no		1	4	0.202	2024	1112233414223434	1231212142343344	1	fallback_evaluated_by_x_component_coloring	no		1	4	0.576	neither
354	858	1168	1389	1112223341243344	1231231214423434	-1	fallback_evaluated_by_x_component_coloring	no		1	4	0.449	2279	1112312234234344	1231142321432434	1	fallback_evaluated_by_x_component_coloring	no		1	6	3.573	neither
355	862	1455	1397	1112223341423344	1231231214243434	1	fallback_evaluated_by_x_component_coloring	no		2	3	0.583	4407	1121223413423344	1213231142243434	-1	fallback_evaluated_by_x_component_coloring	no		1	6	3.826	neither
356	863	880	1398	1112223341423434	1231231214243344	1	fallback_evaluated_by_x_component_coloring	no		2	4	2.286	1437	1112223413423344	1231231142243434	-1	fallback_evaluated_by_x_component_coloring	no		1	5	1.403	neither
357	864	1118	1399	1112223341432344	1231231214234434	1	fallback_evaluated_by_x_component_coloring	no		2	2	0.089	2117	1112234134232434	1231211422334344	-1	fallback_evaluated_by_x_component_coloring	no		1	6	3.652	neither
358	866	1140	1405	1112223343142344	1231231213424434	1	fallback_evaluated_by_x_component_coloring	no		1	3	0.044	2168	1112234234132344	1231211322434434	-1	fallback_evaluated_by_x_component_coloring	no		2	5	4.835	neither
359	874	994	1427	1112223413234344	1231231142432434	-1	fallback_evaluated_by_x_component_coloring	no		1	5	1.836	1711	1112232143423434	1231213412243344	1	fallback_evaluated_by_x_component_coloring	no		1	5	1.418	neither
360	876	1014	1429	1112223413243344	1231231142423434	-1	fallback_evaluated_by_x_component_coloring	no		1	4	0.440	1782	1112232341423434	1231213214243344	1	fallback_evaluated_by_x_component_coloring	no		2	5	3.911	neither
361	877	1003	1430	1112223413243434	1231231142423344	-1	fallback_evaluated_by_x_component_coloring	no		1	5	1.863	1746	1112232314423434	1231213241243344	1	fallback_evaluated_by_x_component_coloring	no		2	4	2.401	neither
362	878	1133	1432	1112223413324344	1231231142342434	1	fallback_evaluated_by_x_component_coloring	no		1	3	0.136	2152	1112234231423434	1231211324243344	-1	fallback_evaluated_by_x_component_coloring	yes	WARNING: 3-strand relation used	1	10	1.568	second_orientation_only
363	879	1036	1434	1112223413342344	1231231142324434	1	fallback_evaluated_by_x_component_coloring	no		1	4	0.192	1838	1112232431423434	1231213124243344	-1	fallback_evaluated_by_x_component_coloring	yes	WARNING: 3-strand relation used	2	8	0.339	second_orientation_only
364	892	1079	1470	1112223434132344	1231231122434434	-1	fallback_evaluated_by_x_component_coloring	no		2	3	0.747	2040	1112233421423434	1231212134243344	1	fallback_evaluated_by_x_component_coloring	no		1	4	0.142	neither
365	912	955	1527	1112231242334344	1231214314232434	-1	fallback_evaluated_by_x_component_coloring	yes	WARNING: 3-strand relation used	2	7	0.071	1609	1112231423234344	1231214132432434	1	fallback_evaluated_by_x_component_coloring	yes	WARNING: 3-strand relation used	3	7	0.364	both
366	917	1179	1533	1112231243234434	1231214312432344	-1	fallback_evaluated_by_x_component_coloring	yes	WARNING: 3-strand relation used	2	7	0.062	2301	1112312243234434	1231142312432344	1	fallback_evaluated_by_x_component_coloring	no		1	4	0.086	first_orientation_only
367	927	1124	1562	1112231323424434	1231214233142344	1	fallback_evaluated_by_x_component_coloring	no		1	4	0.136	2135	1112234213423344	1231211342243434	-1	fallback_evaluated_by_x_component_coloring	no		1	5	1.381	neither
368	929	941	1567	1112231324234344	1231214231432434	1	fallback_evaluated_by_x_component_coloring	no		2	4	2.514	1588	1112231342324344	1231214213342434	-1	fallback_evaluated_by_x_component_coloring	yes	WARNING: 3-strand relation used	3	12	5.946	second_orientation_only
369	931	1509	1569	1112231324243344	1231214231423434	-1	fallback_evaluated_by_x_component_coloring	no		1	3	0.041	5853	1121323142342434	1213122413324344	1	fallback_evaluated_by_x_component_coloring	no		2	7	9.582	neither
370	932	1271	1570	1112231324243434	1231214231423344	-1	fallback_evaluated_by_x_component_coloring	no		1	4	0.167	2880	1112323142324344	1231122413342434	1	fallback_evaluated_by_x_component_coloring	yes	WARNING: 3-strand relation used	9	15	126.956	second_orientation_only
371	933	1465	1572	1112231324324344	1231214231342434	-1	fallback_evaluated_by_x_component_coloring	yes	WARNING: 3-strand relation used	5	9	1.011	4537	1121231324234344	1213214231432434	1	fallback_evaluated_by_x_component_coloring	no		2	5	4.107	first_orientation_only
372	939	1252	1584	1112231342234434	1231214213432344	-1	fallback_evaluated_by_x_component_coloring	no		1	4	0.105	2561	1112321342234344	1231124213432434	1	fallback_evaluated_by_x_component_coloring	no		2	4	1.556	neither
373	949	1104	1596	1112231342432434	1231214213234344	1	fallback_evaluated_by_x_component_coloring	no		1	4	0.242	2099	1112234132234344	1231211423432434	-1	fallback_evaluated_by_x_component_coloring	no		2	4	2.270	neither
374	953	1266	1606	1112231422343344	1231214134223434	-1	fallback_evaluated_by_x_component_coloring	yes	WARNING: 3-strand relation used	5	9	0.779	2862	1112323124243434	1231122431423344	1	fallback_evaluated_by_x_component_coloring	no		1	5	1.107	first_orientation_only
375	954	1046	1607	1112231422343434	1231214134223344	-1	fallback_evaluated_by_x_component_coloring	yes	WARNING: 3-strand relation used	3	12	6.059	1884	1112233124243434	1231212431423344	1	fallback_evaluated_by_x_component_coloring	no		1	4	0.129	first_orientation_only
376	957	1443	1611	1112231423243344	1231214132423434	-1	fallback_evaluated_by_x_component_coloring	yes	WARNING: 3-strand relation used	7	16	12.981	4272	1121223134342344	1213231421324434	1	fallback_evaluated_by_x_component_coloring	no		1	5	1.215	first_orientation_only
377	958	1175	1612	1112231423243434	1231214132423344	-1	fallback_evaluated_by_x_component_coloring	yes	WARNING: 3-strand relation used	5	14	10.215	2295	1112312242334344	1231142314232434	1	fallback_evaluated_by_x_component_coloring	no		1	4	0.177	first_orientation_only
378	961	1289	1617	1112231423342434	1231214132324344	1	fallback_evaluated_by_x_component_coloring	no		2	4	2.314	2961	1112323241423344	1231122314243434	-1	fallback_evaluated_by_x_component_coloring	no		1	4	0.254	neither
379	963	997	1619	1112231423423344	1231214132243434	-1	fallback_evaluated_by_x_component_coloring	no		3	6	11.181	1729	1112232313424344	1231213243142434	1	fallback_evaluated_by_x_component_coloring	no		1	4	0.173	neither
380	971	1435	1640	1112231434223344	1231214122343434	-1	fallback_evaluated_by_x_component_coloring	no		1	3	0.033	4119	1121213423342434	1213241132324344	1	fallback_evaluated_by_x_component_coloring	no		2	4	2.763	neither
381	974	1287	1643	1112231434232434	1231214122334344	-1	fallback_evaluated_by_x_component_coloring	no		1	5	1.537	2956	1112323241324344	1231122314342434	1	fallback_evaluated_by_x_component_coloring	no		2	3	0.711	neither
382	980	1430	1664	1112232132434344	1231213424132434	1	fallback_evaluated_by_x_component_coloring	no		2	3	0.644	4093	1121213342342434	1213241213324344	-1	fallback_evaluated_by_x_component_coloring	no		1	6	3.141	neither
383	987	1052	1686	1112232134342344	1231213421324434	-1	fallback_evaluated_by_x_component_coloring	no		1	4	0.200	1905	1112233142342434	1231212413324344	1	fallback_evaluated_by_x_component_coloring	no		2	5	4.060	neither
384	989	1464	1695	1112232142334344	1231213414232434	-1	fallback_evaluated_by_x_component_coloring	no		2	3	0.565	4531	1121231323424344	1213214233142434	1	fallback_evaluated_by_x_component_coloring	no		2	5	4.087	neither
385	990	1170	1696	1112232142334434	1231213414232344	1	fallback_evaluated_by_x_component_coloring	no		2	3	0.353	2282	1112312234243434	1231142321423344	-1	fallback_evaluated_by_x_component_coloring	no		1	5	1.100	neither
386	993	1452	1710	1112232143423344	1231213412243434	1	fallback_evaluated_by_x_component_coloring	no		1	4	0.291	4397	1121223413234344	1213231142432434	-1	fallback_evaluated_by_x_component_coloring	no		1	6	3.218	neither
387	999	1011	1735	1112232314234344	1231213241432434	1	fallback_evaluated_by_x_component_coloring	no		2	5	4.514	1776	1112232341324344	1231213214342434	-1	fallback_evaluated_by_x_component_coloring	yes	WARNING: 3-strand relation used	1	8	0.074	second_orientation_only
388	1000	1166	1736	1112232314234434	1231213241432344	1	fallback_evaluated_by_x_component_coloring	no		2	4	2.423	2274	1112312233424434	1231142323142344	-1	fallback_evaluated_by_x_component_coloring	no		1	4	0.522	neither
389	1002	1090	1742	1112232314342344	1231213241324434	-1	fallback_evaluated_by_x_component_coloring	no		2	4	2.630	2078	1112234122334344	1231211434232434	1	fallback_evaluated_by_x_component_coloring	yes	WARNING: 3-strand relation used	2	8	1.432	second_orientation_only
390	1004	1505	1755	1112232331424344	1231213234142434	1	fallback_evaluated_by_x_component_coloring	no		1	3	0.074	5423	1121314234232434	1213141222334344	-1	fallback_evaluated_by_x_component_coloring	no		1	7	7.085	neither
391	1015	1114	1783	1112232341432344	1231213214234434	1	fallback_evaluated_by_x_component_coloring	no		2	3	0.832	2112	1112234132432434	1231211423234344	-1	fallback_evaluated_by_x_component_coloring	no		1	5	2.041	neither
392	1017	1134	1789	1112232343142344	1231213213424434	1	fallback_evaluated_by_x_component_coloring	no		1	4	0.143	2153	1112234231432344	1231211324234434	-1	fallback_evaluated_by_x_component_coloring	yes	WARNING: 3-strand relation used	1	8	0.059	second_orientation_only
393	1026	1164	1812	1112232413234434	1231213142432344	-1	fallback_evaluated_by_x_component_coloring	no		1	5	1.577	2265	1112312232434434	1231142324132344	1	fallback_evaluated_by_x_component_coloring	no		1	4	0.173	neither
394	1031	1107	1823	1112232413432344	1231213142234434	1	fallback_evaluated_by_x_component_coloring	no		1	4	0.178	2105	1112234132324434	1231211423342344	-1	fallback_evaluated_by_x_component_coloring	no		2	4	1.886	neither
395	1039	1111	1854	1112232434132344	1231213122434434	-1	fallback_evaluated_by_x_component_coloring	no		2	4	4.337	2109	1112234132423344	1231211423243434	1	fallback_evaluated_by_x_component_coloring	no		1	4	0.176	neither
396	1058	1258	2009	1112233412234434	1231212143432344	1	fallback_evaluated_by_x_component_coloring	yes	WARNING: 3-strand relation used	2	7	0.053	2571	1112321342423344	1231124213243434	-1	fallback_evaluated_by_x_component_coloring	no		1	4	0.176	first_orientation_only
397	1068	1161	2021	1112233412432434	1231212143234344	-1	fallback_evaluated_by_x_component_coloring	no		1	5	1.990	2250	1112312223434344	1231142342132434	1	fallback_evaluated_by_x_component_coloring	no		1	4	0.175	neither
398	1073	1281	2026	1112233414232434	1231212142334344	1	fallback_evaluated_by_x_component_coloring	no		1	5	2.437	2935	1112323231424344	1231122334142434	-1	fallback_evaluated_by_x_component_coloring	no		1	4	0.241	neither
399	1081	1130	2047	1112233423142344	1231212133424434	-1	fallback_evaluated_by_x_component_coloring	yes	WARNING: 3-strand relation used	2	7	0.053	2146	1112234231324344	1231211324342434	1	fallback_evaluated_by_x_component_coloring	no		1	4	0.227	first_orientation_only
400	1085	1152	2056	1112233424132344	1231212132434434	1	fallback_evaluated_by_x_component_coloring	no		1	3	0.032	2231	1112234341223344	1231211224343434	-1	fallback_evaluated_by_x_component_coloring	no		2	3	0.818	neither
401	1408	1427	3900	1121212233434344	1213243412132434	1	fallback_evaluated_by_x_component_coloring	no		1	4	0.208	4044	1121213243423344	1213241312243434	-1	fallback_evaluated_by_x_component_coloring	no		5	5	25.914	neither
402	1420	1444	4007	1121213233424344	1213241323142434	-1	fallback_evaluated_by_x_component_coloring	no		2	4	2.893	4281	1121223142334344	1213231414232434	1	fallback_evaluated_by_x_component_coloring	no		2	4	2.864	neither
403	1440	1507	4259	1121223133424344	1213231423142434	-1	fallback_evaluated_by_x_component_coloring	no		1	4	0.249	5850	1121323142324344	1213122413342434	1	fallback_evaluated_by_x_component_coloring	yes	WARNING: 3-strand relation used	9	16	134.325	second_orientation_only
